市区町村コード,NO,都道府県名,市区町村名,データ名称,データ概要,データ形式,分類,更新頻度,URL,ライセンス,登録日,最終更新日,備考
052019,0000000001,秋田県,秋田市,位置と面積,秋田市役所の位置と秋田市の面積,excel,国土・気象,変更があった場合,https://www.city.akita.lg.jp/shisei/tokei/1003666/1003561.html,CC BYに準拠。,2018-07-01,2023-01-24,
052019,0000000002,秋田県,秋田市,市域の変遷,秋田市の市域の変遷,excel,国土・気象,変更があった場合,https://www.city.akita.lg.jp/shisei/tokei/1003666/1003561.html,CC BYに準拠。,2018-07-01,2023-01-24,
052019,0000000003,秋田県,秋田市,都市計画用途地域別面積,都市計画用途地域別面積,excel,国土・気象,1年に1回,https://www.city.akita.lg.jp/shisei/tokei/1003666/1003561.html,CC BYに準拠。,2018-07-01,2023-05-11,
052019,0000000004,秋田県,秋田市,公園・緑地面積,公園・緑地面積,excel,国土・気象,1年に1回,https://www.city.akita.lg.jp/shisei/tokei/1003666/1003561.html,CC BYに準拠。,2018-07-01,2023-05-11,
052019,0000000005,秋田県,秋田市,住居表示地区の面積,住居表示地区の面積,excel,国土・気象,1年に1回,https://www.city.akita.lg.jp/shisei/tokei/1003666/1003561.html,CC BYに準拠。,2018-07-01,2023-04-11,
052019,0000000006,秋田県,秋田市,気象,気象,excel,国土・気象,1年に1回,https://www.city.akita.lg.jp/shisei/tokei/1003666/1003561.html,CC BYに準拠。,2018-07-01,2023-04-25,
052019,0000000007,秋田県,秋田市,平成27年国勢調査,平成27年国勢調査,excel,人口・世帯,次回調査は5年後,https://www.city.akita.lg.jp/shisei/tokei/1003666/1010369.html,CC BYに準拠。,2018-07-01,2018-07-01,
052019,0000000008,秋田県,秋田市,平成22年国勢調査,平成22年国勢調査,excel,人口・世帯,次回調査は5年後,https://www.city.akita.lg.jp/shisei/tokei/1003666/1010369.html,CC BYに準拠。,2018-07-01,2018-07-01,
052019,0000000009,秋田県,秋田市,人口・世帯の推移,人口・世帯の推移,excel,人口・世帯,1年に1回,https://www.city.akita.lg.jp/shisei/tokei/1003666/1003563.html,CC BYに準拠。,2018-07-01,2023-04-19,
052019,0000000010,秋田県,秋田市,人口動態,人口動態,excel,人口・世帯,1年に1回,https://www.city.akita.lg.jp/shisei/tokei/1003666/1003563.html,CC BYに準拠。,2018-07-01,2023-04-18,
052019,0000000011,秋田県,秋田市,都道府県別転入・転出人口,都道府県別転入・転出人口,excel,人口・世帯,1年に1回,https://www.city.akita.lg.jp/shisei/tokei/1003666/1003563.html,CC BYに準拠。,2018-07-01,2023-04-18,
052019,0000000012,秋田県,秋田市,県内市町村別転入・転出人口 ,県内市町村別転入・転出人口 ,excel,人口・世帯,1年に1回,https://www.city.akita.lg.jp/shisei/tokei/1003666/1003563.html,CC BYに準拠。,2018-07-01,2023-04-19,
052019,0000000013,秋田県,秋田市,地区別人口および世帯の動向 ,地区別人口および世帯の動向 ,excel,人口・世帯,1年に1回,https://www.city.akita.lg.jp/shisei/tokei/1003666/1003563.html,CC BYに準拠。,2018-07-01,2023-04-18,
052019,0000000014,秋田県,秋田市,外国人人口,外国人人口,excel,人口・世帯,1年に1回,https://www.city.akita.lg.jp/shisei/tokei/1003666/1003563.html,CC BYに準拠。,2018-07-01,2023-04-18,
052019,0000000015,秋田県,秋田市,住民基本台帳人口,住民基本台帳人口,excel,人口・世帯,1年に1回,https://www.city.akita.lg.jp/shisei/tokei/1003666/1003563.html,CC BYに準拠。,2018-07-01,2023-04-19,
052019,0000000016,秋田県,秋田市,[国勢調査]人口・世帯の推移,[国勢調査]人口・世帯の推移,excel,人口・世帯,5年に1回,https://www.city.akita.lg.jp/shisei/tokei/1003666/1003563.html,CC BYに準拠。,2018-07-01,2023-02-16,
052019,0000000017,秋田県,秋田市,[国勢調査]人口集中地区の推移,[国勢調査]人口集中地区の推移,excel,人口・世帯,5年に1回,https://www.city.akita.lg.jp/shisei/tokei/1003666/1003563.html,CC BYに準拠。,2018-07-01,2023-04-19,
052019,0000000018,秋田県,秋田市,[国勢調査]年齢（5歳階級）別構成の推移,[国勢調査]年齢（5歳階級）別構成の推移,excel,人口・世帯,5年に1回,https://www.city.akita.lg.jp/shisei/tokei/1003666/1003563.html,CC BYに準拠。,2018-07-01,2023-02-16,
052019,0000000019,秋田県,秋田市,[国勢調査]産業（大分類）別労働力状態,[国勢調査]産業（大分類）別労働力状態,excel,人口・世帯,5年に1回,https://www.city.akita.lg.jp/shisei/tokei/1003666/1003563.html,CC BYに準拠。,2018-07-01,2023-05-11,
052019,0000000020,秋田県,秋田市,[国勢調査]年齢（15歳以上）別労働力状態,[国勢調査]年齢（15歳以上）別労働力状態,excel,人口・世帯,5年に1回,https://www.city.akita.lg.jp/shisei/tokei/1003666/1003563.html,CC BYに準拠。,2018-07-01,2023-04-19,
052019,0000000021,秋田県,秋田市,[国勢調査]年齢（2区分）別労働力状態 ,[国勢調査]年齢（2区分）別労働力状態 ,excel,人口・世帯,5年に1回,https://www.city.akita.lg.jp/shisei/tokei/1003666/1003563.html,CC BYに準拠。,2018-07-01,2023-04-19,
052019,0000000022,秋田県,秋田市,[国勢調査]昼間人口 ,[国勢調査]昼間人口 ,excel,人口・世帯,5年に1回,https://www.city.akita.lg.jp/shisei/tokei/1003666/1003563.html,CC BYに準拠。,2018-07-01,2023-04-19,
052019,0000000023,秋田県,秋田市,秋田市人口世帯表 平成31年版,秋田市人口世帯表 平成31年版,excel,人口・世帯,,https://www.city.akita.lg.jp/shisei/tokei/1003666/1003568.html,CC BYに準拠。,2019-01-09,2020-03-11,毎月1日現在の人口の公開を行う
052019,0000000024,秋田県,秋田市,秋田市人口世帯表 平成30年版 ,秋田市人口世帯表 平成30年版 ,excel,人口・世帯,,https://www.city.akita.lg.jp/shisei/tokei/1003666/1003568.html,CC BYに準拠。,2018-07-01,2018-07-01,毎月1日現在の人口の公開を行う
052019,0000000025,秋田県,秋田市,秋田市人口世帯表 平成29年版,秋田市人口世帯表 平成29年版,excel,人口・世帯,,https://www.city.akita.lg.jp/shisei/tokei/1003666/1003568.html,CC BYに準拠。,2018-07-01,2018-07-01,毎月1日現在の人口の公開を行う
052019,0000000026,秋田県,秋田市,秋田市人口世帯表 平成28年版,秋田市人口世帯表 平成28年版,excel,人口・世帯,,https://www.city.akita.lg.jp/shisei/tokei/1003666/1003568.html,CC BYに準拠。,2018-07-01,2018-07-01,毎月1日現在の人口の公開を行う
052019,0000000027,秋田県,秋田市,秋田市人口世帯表 平成27年版,秋田市人口世帯表 平成27年版,excel,人口・世帯,,https://www.city.akita.lg.jp/shisei/tokei/1003666/1003568.html,CC BYに準拠。,2018-07-01,2018-07-01,毎月1日現在の人口の公開を行う
052019,0000000028,秋田県,秋田市,秋田市人口世帯表 平成26年版,秋田市人口世帯表 平成26年版,excel,人口・世帯,,https://www.city.akita.lg.jp/shisei/tokei/1003666/1003568.html,CC BYに準拠。,2018-07-01,2018-07-01,毎月1日現在の人口の公開を行う
052019,0000000029,秋田県,秋田市,秋田市人口世帯表 平成25年版,秋田市人口世帯表 平成25年版,excel,人口・世帯,,https://www.city.akita.lg.jp/shisei/tokei/1003666/1003568.html,CC BYに準拠。,2018-07-01,2018-07-01,毎月1日現在の人口の公開を行う
052019,0000000030,秋田県,秋田市,秋田市人口世帯表 平成24年版,秋田市人口世帯表 平成24年版,excel,人口・世帯,,https://www.city.akita.lg.jp/shisei/tokei/1003666/1003568.html,CC BYに準拠。,2018-07-01,2018-07-01,毎月1日現在の人口の公開を行う
052019,0000000031,秋田県,秋田市,秋田市人口世帯表 平成23年版,秋田市人口世帯表 平成23年版,excel,人口・世帯,,https://www.city.akita.lg.jp/shisei/tokei/1003666/1003568.html,CC BYに準拠。,2018-07-01,2018-07-01,毎月1日現在の人口の公開を行う
052019,0000000032,秋田県,秋田市,秋田市人口世帯表 平成22年版,秋田市人口世帯表 平成22年版,excel,人口・世帯,,https://www.city.akita.lg.jp/shisei/tokei/1003666/1003568.html,CC BYに準拠。,2018-07-01,2018-07-01,毎月1日現在の人口の公開を行う
052019,0000000033,秋田県,秋田市,秋田市人口世帯表 平成21年版,秋田市人口世帯表 平成21年版,excel,人口・世帯,,https://www.city.akita.lg.jp/shisei/tokei/1003666/1003568.html,CC BYに準拠。,2018-07-01,2018-07-01,毎月1日現在の人口の公開を行う
052019,0000000034,秋田県,秋田市,秋田市人口世帯表 平成20年版,秋田市人口世帯表 平成20年版,excel,人口・世帯,,https://www.city.akita.lg.jp/shisei/tokei/1003666/1003568.html,CC BYに準拠。,2018-07-01,2018-07-01,毎月1日現在の人口の公開を行う
052019,0000000035,秋田県,秋田市,秋田市人口世帯表 平成19年版,秋田市人口世帯表 平成19年版,excel,人口・世帯,,https://www.city.akita.lg.jp/shisei/tokei/1003666/1003568.html,CC BYに準拠。,2018-07-01,2018-07-01,毎月1日現在の人口の公開を行う
052019,0000000036,秋田県,秋田市,秋田市人口世帯表 平成18年版,秋田市人口世帯表 平成18年版,excel,人口・世帯,,https://www.city.akita.lg.jp/shisei/tokei/1003666/1003568.html,CC BYに準拠。,2018-07-01,2018-07-01,毎月1日現在の人口の公開を行う
052019,0000000037,秋田県,秋田市,秋田市人口世帯表 平成17年版,秋田市人口世帯表 平成17年版,excel,人口・世帯,,https://www.city.akita.lg.jp/shisei/tokei/1003666/1003568.html,CC BYに準拠。,2018-07-01,2018-07-01,毎月1日現在の人口の公開を行う
052019,0000000038,秋田県,秋田市,秋田市人口世帯表 平成16年版,秋田市人口世帯表 平成16年版,excel,人口・世帯,,https://www.city.akita.lg.jp/shisei/tokei/1003666/1003568.html,CC BYに準拠。,2018-07-01,2018-07-01,毎月1日現在の人口の公開を行う
052019,0000000039,秋田県,秋田市,秋田市人口世帯表 平成15年版,秋田市人口世帯表 平成15年版,excel,人口・世帯,,https://www.city.akita.lg.jp/shisei/tokei/1003666/1003568.html,CC BYに準拠。,2018-07-01,2018-07-01,毎月1日現在の人口の公開を行う
052019,0000000040,秋田県,秋田市,秋田市人口世帯表 平成14年版,秋田市人口世帯表 平成14年版,excel,人口・世帯,,https://www.city.akita.lg.jp/shisei/tokei/1003666/1003568.html,CC BYに準拠。,2018-07-01,2018-07-01,毎月1日現在の人口の公開を行う
052019,0000000041,秋田県,秋田市,秋田市人口世帯表 平成13年版,秋田市人口世帯表 平成13年版,excel,人口・世帯,,https://www.city.akita.lg.jp/shisei/tokei/1003666/1003568.html,CC BYに準拠。,2018-07-01,2018-07-01,毎月1日現在の人口の公開を行う
052019,0000000042,秋田県,秋田市,秋田市人口世帯表 平成12年版,秋田市人口世帯表 平成12年版,excel,人口・世帯,,https://www.city.akita.lg.jp/shisei/tokei/1003666/1003568.html,CC BYに準拠。,2018-07-01,2018-07-01,毎月1日現在の人口の公開を行う
052019,0000000043,秋田県,秋田市,秋田市人口世帯表 平成11年版,秋田市人口世帯表 平成11年版,excel,人口・世帯,,https://www.city.akita.lg.jp/shisei/tokei/1003666/1003568.html,CC BYに準拠。,2018-07-01,2018-07-01,毎月1日現在の人口の公開を行う
052019,0000000044,秋田県,秋田市,秋田市人口世帯表 平成10年版,秋田市人口世帯表 平成10年版,excel,人口・世帯,,https://www.city.akita.lg.jp/shisei/tokei/1003666/1003568.html,CC BYに準拠。,2018-07-01,2018-07-01,毎月1日現在の人口の公開を行う
052019,0000000045,秋田県,秋田市,秋田市人口世帯表 平成9年版（10月分から）,秋田市人口世帯表 平成9年版（10月分から）,excel,人口・世帯,,https://www.city.akita.lg.jp/shisei/tokei/1003666/1003568.html,CC BYに準拠。,2018-07-01,2018-07-01,毎月1日現在の人口の公開を行う
052019,0000000046,秋田県,秋田市,平成30年10月1日現在 秋田市年齢別・地区別人口,平成30年10月1日現在 秋田市年齢別・地区別人口,excel,人口・世帯,,https://www.city.akita.lg.jp/shisei/tokei/1003666/1003567.html,CC BYに準拠。,2018-12-13,2018-12-13,1年に1回最新の人口の公開を行う
052019,0000000047,秋田県,秋田市,平成29年10月1日現在 秋田市年齢別・地区別人口,平成29年10月1日現在 秋田市年齢別・地区別人口,excel,人口・世帯,,https://www.city.akita.lg.jp/shisei/tokei/1003666/1003567.html,CC BYに準拠。,2018-07-01,2018-07-01,1年に1回最新の人口の公開を行う
052019,0000000048,秋田県,秋田市,平成28年10月1日現在 秋田市年齢別・地区別人口,平成28年10月1日現在 秋田市年齢別・地区別人口,excel,人口・世帯,,https://www.city.akita.lg.jp/shisei/tokei/1003666/1003567.html,CC BYに準拠。,2018-07-01,2018-07-01,1年に1回最新の人口の公開を行う
052019,0000000049,秋田県,秋田市,平成26年10月1日現在 秋田市年齢別・地区別人口,平成26年10月1日現在 秋田市年齢別・地区別人口,excel,人口・世帯,,https://www.city.akita.lg.jp/shisei/tokei/1003666/1003567.html,CC BYに準拠。,2018-07-01,2018-07-01,1年に1回最新の人口の公開を行う
052019,0000000050,秋田県,秋田市,平成25年10月1日現在 秋田市年齢別・地区別人口,平成25年10月1日現在 秋田市年齢別・地区別人口,excel,人口・世帯,,https://www.city.akita.lg.jp/shisei/tokei/1003666/1003567.html,CC BYに準拠。,2018-07-01,2018-07-01,1年に1回最新の人口の公開を行う
052019,0000000051,秋田県,秋田市,平成24年10月1日現在 秋田市年齢別・地区別人口,平成24年10月1日現在 秋田市年齢別・地区別人口,excel,人口・世帯,,https://www.city.akita.lg.jp/shisei/tokei/1003666/1003567.html,CC BYに準拠。,2018-07-01,2018-07-01,1年に1回最新の人口の公開を行う
052019,0000000052,秋田県,秋田市,平成23年10月1日現在 秋田市年齢別・地区別人口,平成23年10月1日現在 秋田市年齢別・地区別人口,excel,人口・世帯,,https://www.city.akita.lg.jp/shisei/tokei/1003666/1003567.html,CC BYに準拠。,2018-07-01,2018-07-01,1年に1回最新の人口の公開を行う
052019,0000000053,秋田県,秋田市,平成21年10月1日現在 秋田市年齢別・地区別人口,平成21年10月1日現在 秋田市年齢別・地区別人口,excel,人口・世帯,,https://www.city.akita.lg.jp/shisei/tokei/1003666/1003567.html,CC BYに準拠。,2018-07-01,2018-07-01,1年に1回最新の人口の公開を行う
052019,0000000054,秋田県,秋田市,平成20年10月1日現在 秋田市年齢別・地区別人口,平成20年10月1日現在 秋田市年齢別・地区別人口,excel,人口・世帯,,https://www.city.akita.lg.jp/shisei/tokei/1003666/1003567.html,CC BYに準拠。,2018-07-01,2018-07-01,1年に1回最新の人口の公開を行う
052019,0000000055,秋田県,秋田市,平成19年10月1日現在 秋田市年齢別・地区別人口,平成19年10月1日現在 秋田市年齢別・地区別人口,excel,人口・世帯,,https://www.city.akita.lg.jp/shisei/tokei/1003666/1003567.html,CC BYに準拠。,2018-07-01,2018-07-01,1年に1回最新の人口の公開を行う
052019,0000000056,秋田県,秋田市,平成18年10月1日現在 秋田市年齢別・地区別人口,平成18年10月1日現在 秋田市年齢別・地区別人口,excel,人口・世帯,,https://www.city.akita.lg.jp/shisei/tokei/1003666/1003567.html,CC BYに準拠。,2018-07-01,2018-07-01,1年に1回最新の人口の公開を行う
052019,0000000057,秋田県,秋田市,平成17年10月1日現在 秋田市年齢別・地区別人口,平成17年10月1日現在 秋田市年齢別・地区別人口,excel,人口・世帯,,https://www.city.akita.lg.jp/shisei/tokei/1003666/1003567.html,CC BYに準拠。,2018-07-01,2018-07-01,1年に1回最新の人口の公開を行う
052019,0000000058,秋田県,秋田市,平成16年10月1日現在 秋田市年齢別・地区別人口,平成16年10月1日現在 秋田市年齢別・地区別人口,excel,人口・世帯,,https://www.city.akita.lg.jp/shisei/tokei/1003666/1003567.html,CC BYに準拠。,2018-07-01,2018-07-01,1年に1回最新の人口の公開を行う
052019,0000000059,秋田県,秋田市,平成15年10月1日現在 秋田市年齢別・地区別人口,平成15年10月1日現在 秋田市年齢別・地区別人口,excel,人口・世帯,,https://www.city.akita.lg.jp/shisei/tokei/1003666/1003567.html,CC BYに準拠。,2018-07-01,2018-07-01,1年に1回最新の人口の公開を行う
052019,0000000060,秋田県,秋田市,平成14年10月1日現在 秋田市年齢別・地区別人口,平成14年10月1日現在 秋田市年齢別・地区別人口,excel,人口・世帯,,https://www.city.akita.lg.jp/shisei/tokei/1003666/1003567.html,CC BYに準拠。,2018-07-01,2018-07-01,1年に1回最新の人口の公開を行う
052019,0000000061,秋田県,秋田市,平成13年10月1日現在 秋田市年齢別・地区別人口,平成13年10月1日現在 秋田市年齢別・地区別人口,excel,人口・世帯,,https://www.city.akita.lg.jp/shisei/tokei/1003666/1003567.html,CC BYに準拠。,2018-07-01,2018-07-01,1年に1回最新の人口の公開を行う
052019,0000000062,秋田県,秋田市,平成12年10月1日現在 秋田市年齢別・地区別人口,平成12年10月1日現在 秋田市年齢別・地区別人口,excel,人口・世帯,,https://www.city.akita.lg.jp/shisei/tokei/1003666/1003567.html,CC BYに準拠。,2018-07-01,2018-07-01,1年に1回最新の人口の公開を行う
052019,0000000063,秋田県,秋田市,平成11年10月1日現在 秋田市年齢別・地区別人口,平成11年10月1日現在 秋田市年齢別・地区別人口,excel,人口・世帯,,https://www.city.akita.lg.jp/shisei/tokei/1003666/1003567.html,CC BYに準拠。,2018-07-01,2018-07-01,1年に1回最新の人口の公開を行う
052019,0000000064,秋田県,秋田市,平成10年10月1日現在 秋田市年齢別・地区別人口,平成10年10月1日現在 秋田市年齢別・地区別人口,excel,人口・世帯,,https://www.city.akita.lg.jp/shisei/tokei/1003666/1003567.html,CC BYに準拠。,2018-07-01,2018-07-01,1年に1回最新の人口の公開を行う
052019,0000000065,秋田県,秋田市,平成9年10月1日現在 秋田市年齢別・地区別人口,平成9年10月1日現在 秋田市年齢別・地区別人口,excel,人口・世帯,,https://www.city.akita.lg.jp/shisei/tokei/1003666/1003567.html,CC BYに準拠。,2018-07-01,2018-07-01,1年に1回最新の人口の公開を行う
052019,0000000066,秋田県,秋田市,平成8年10月1日現在 秋田市年齢別・地区別人口,平成8年10月1日現在 秋田市年齢別・地区別人口,excel,人口・世帯,,https://www.city.akita.lg.jp/shisei/tokei/1003666/1003567.html,CC BYに準拠。,2018-07-01,2018-07-01,1年に1回最新の人口の公開を行う
052019,0000000067,秋田県,秋田市,平成7年10月1日現在 秋田市年齢別・地区別人口,平成7年10月1日現在 秋田市年齢別・地区別人口,excel,人口・世帯,,https://www.city.akita.lg.jp/shisei/tokei/1003666/1003567.html,CC BYに準拠。,2018-07-01,2018-07-01,1年に1回最新の人口の公開を行う
052019,0000000068,秋田県,秋田市,職業紹介（1）一般職業紹介,職業紹介（1）一般職業紹介,excel,労働・賃金,1年に1回,https://www.city.akita.lg.jp/shisei/tokei/1003666/1003589.html,CC BYに準拠。,2018-07-01,2023-04-13,
052019,0000000069,秋田県,秋田市,職業紹介（2）中高年齢者の職業紹介状況（常用） ,職業紹介（2）中高年齢者の職業紹介状況（常用） ,excel,労働・賃金,1年に1回,https://www.city.akita.lg.jp/shisei/tokei/1003666/1003589.html,CC BYに準拠。,2018-07-01,2023-04-13,
052019,0000000070,秋田県,秋田市,職業紹介（3）産業別一般求人受理状況（常用）,職業紹介（3）産業別一般求人受理状況（常用）,excel,労働・賃金,1年に1回,https://www.city.akita.lg.jp/shisei/tokei/1003666/1003589.html,CC BYに準拠。,2018-07-01,2023-04-13,
052019,0000000071,秋田県,秋田市,雇用保険（1）一般雇用保険取扱状況,雇用保険（1）一般雇用保険取扱状況,excel,労働・賃金,1年に1回,https://www.city.akita.lg.jp/shisei/tokei/1003666/1003589.html,CC BYに準拠。,2018-07-01,2023-04-13,
052019,0000000072,秋田県,秋田市,雇用保険（2）雇用保険適用状況,雇用保険（2）雇用保険適用状況,excel,労働・賃金,1年に1回,https://www.city.akita.lg.jp/shisei/tokei/1003666/1003589.html,CC BYに準拠。,2018-07-01,2023-04-13,
052019,0000000073,秋田県,秋田市,雇用保険（3）失業給付金支給状況,雇用保険（3）失業給付金支給状況,excel,労働・賃金,1年に1回,https://www.city.akita.lg.jp/shisei/tokei/1003666/1003589.html,CC BYに準拠。,2018-07-01,2023-04-13,
052019,0000000074,秋田県,秋田市,労働災害の発生状況 ,労働災害の発生状況 ,excel,労働・賃金,1年に1回,https://www.city.akita.lg.jp/shisei/tokei/1003666/1003589.html,CC BYに準拠。,2018-07-01,2023-04-13,
052019,0000000075,秋田県,秋田市,労働者災害補償保険（1）労災保険料および保険給付支払状況（署払分）,労働者災害補償保険（1）労災保険料および保険給付支払状況（署払分）,excel,労働・賃金,1年に1回,https://www.city.akita.lg.jp/shisei/tokei/1003666/1003589.html,CC BYに準拠。,2018-07-01,2023-04-04,
052019,0000000076,秋田県,秋田市,労働者災害補償保険（2）特別支給金支払状況（労働福祉事業）（署払分）,労働者災害補償保険（2）特別支給金支払状況（労働福祉事業）（署払分）,excel,労働・賃金,1年に1回,https://www.city.akita.lg.jp/shisei/tokei/1003666/1003589.html,CC BYに準拠。,2018-07-01,2023-04-04,
052019,0000000077,秋田県,秋田市,労働者災害補償保険（3）労働保険業種別適用事業所数および労働者数,労働者災害補償保険（3）労働保険業種別適用事業所数および労働者数,excel,労働・賃金,1年に1回,https://www.city.akita.lg.jp/shisei/tokei/1003666/1003589.html,CC BYに準拠。,2018-07-01,2023-04-04,
052019,0000000078,秋田県,秋田市,労働組合と組合員の状況（1）適用法規別,労働組合と組合員の状況（1）適用法規別,excel,労働・賃金,1年に1回,https://www.city.akita.lg.jp/shisei/tokei/1003666/1003589.html,CC BYに準拠。,2018-07-01,2023-04-04,
052019,0000000079,秋田県,秋田市,労働組合と組合員の状況（2）産業別,労働組合と組合員の状況（2）産業別,excel,労働・賃金,1年に1回,https://www.city.akita.lg.jp/shisei/tokei/1003666/1003589.html,CC BYに準拠。,2018-07-01,2023-04-13,
052019,0000000080,秋田県,秋田市,[農林業センサス他] 農業の概況,[農林業センサス他] 農業の概況,excel,農林水産業,5年に1回,https://www.city.akita.lg.jp/shisei/tokei/1003666/1003573.html,CC BYに準拠。,2018-07-01,2023-05-01,
052019,0000000081,秋田県,秋田市,[農林業センサス他] 農業の地区別現況,[農林業センサス他] 農業の地区別現況,excel,農林水産業,5年に1回,https://www.city.akita.lg.jp/shisei/tokei/1003666/1003573.html,CC BYに準拠。,2018-07-01,2023-05-01,
052019,0000000082,秋田県,秋田市,[農林業センサス他] 農家数の推移（秋田市・秋田県）,[農林業センサス他] 農家数の推移（秋田市・秋田県）,excel,農林水産業,5年に1回,https://www.city.akita.lg.jp/shisei/tokei/1003666/1003573.html,CC BYに準拠。,2018-07-01,2023-05-01,
052019,0000000083,秋田県,秋田市,[農林業センサス他] 農業就業人口の推移,[農林業センサス他] 農業就業人口の推移,excel,農林水産業,5年に1回,https://www.city.akita.lg.jp/shisei/tokei/1003666/1003573.html,CC BYに準拠。,2018-07-01,2023-05-01,
052019,0000000084,秋田県,秋田市,[農林業センサス他] 農産物販売金額規模別農家数,[農林業センサス他] 農産物販売金額規模別農家数,excel,農林水産業,5年に1回,https://www.city.akita.lg.jp/shisei/tokei/1003666/1003573.html,CC BYに準拠。,2018-07-01,2023-05-01,
052019,0000000085,秋田県,秋田市,[農林業センサス他] 経営耕地面積と経営耕地種別農家数の推移,[農林業センサス他] 経営耕地面積と経営耕地種別農家数の推移,excel,農林水産業,5年に1回,https://www.city.akita.lg.jp/shisei/tokei/1003666/1003573.html,CC BYに準拠。,2018-07-01,2023-05-01,
052019,0000000086,秋田県,秋田市,[農林業センサス他] 耕地規模別農家数の推移,[農林業センサス他] 耕地規模別農家数の推移,excel,農林水産業,5年に1回,https://www.city.akita.lg.jp/shisei/tokei/1003666/1003573.html,CC BYに準拠。,2018-07-01,2023-04-11,
052019,0000000087,秋田県,秋田市,農作物の生産状況,農作物の生産状況,excel,農林水産業,1年に1回,https://www.city.akita.lg.jp/shisei/tokei/1003666/1003573.html,CC BYに準拠。,2018-07-01,2023-05-01,
052019,0000000088,秋田県,秋田市,農地の転用状況,農地の転用状況,excel,農林水産業,1年に1回,https://www.city.akita.lg.jp/shisei/tokei/1003666/1003573.html,CC BYに準拠。,2018-07-01,2023-04-11,
052019,0000000089,秋田県,秋田市,漁業の概況,漁業の概況,excel,農林水産業,1年に1回,https://www.city.akita.lg.jp/shisei/tokei/1003666/1003573.html,CC BYに準拠。,2018-07-01,2023-04-11,
052019,0000000090,秋田県,秋田市,木材の生産量（需要部門別素材生産量（秋田県））,木材の生産量（需要部門別素材生産量（秋田県））,excel,農林水産業,1年に1回,https://www.city.akita.lg.jp/shisei/tokei/1003666/1003573.html,CC BYに準拠。,2018-07-01,2023-04-11,
052019,0000000091,秋田県,秋田市,保安林の概況,保安林の概況,excel,農林水産業,1年に1回,https://www.city.akita.lg.jp/shisei/tokei/1003666/1003573.html,CC BYに準拠。,2018-07-01,2023-04-11,
052019,0000000092,秋田県,秋田市,鳥獣保護区の概況 ,鳥獣保護区の概況 ,excel,農林水産業,1年に1回,https://www.city.akita.lg.jp/shisei/tokei/1003666/1003573.html,CC BYに準拠。,2018-07-01,2023-04-11,
052019,0000000093,秋田県,秋田市,入会林野の概況,入会林野の概況,excel,農林水産業,1年に1回,https://www.city.akita.lg.jp/shisei/tokei/1003666/1003573.html,CC BYに準拠。,2018-07-01,2023-04-11,
052019,0000000094,秋田県,秋田市,工業統計調査 ,工業統計調査 ,excel,鉱工業,1年に1回,https://www.city.akita.lg.jp/shisei/tokei/1003666/1003575.html,CC BYに準拠。,2018-07-01,2021-12-23,
052019,0000000095,秋田県,秋田市,製造業の推移,製造業の推移,excel,鉱工業,1年に1回,https://www.city.akita.lg.jp/shisei/tokei/1003666/1003575.html,CC BYに準拠。,2018-07-01,2023-05-11,
052019,0000000096,秋田県,秋田市,経営組織別事業所数,経営組織別事業所数,excel,鉱工業,1年に1回,https://www.city.akita.lg.jp/shisei/tokei/1003666/1003575.html,CC BYに準拠。,2018-07-01,2023-05-11,
052019,0000000097,秋田県,秋田市,規模別事業所数の推移,規模別事業所数の推移,excel,鉱工業,1年に1回,https://www.city.akita.lg.jp/shisei/tokei/1003666/1003575.html,CC BYに準拠。,2018-07-01,2023-04-27,
052019,0000000098,秋田県,秋田市,産業中分類別事業所数、従業者数、現金給与総額、原材料使用額等、製造品出荷額等,産業中分類別事業所数、従業者数、現金給与総額、原材料使用額等、製造品出荷額等,excel,鉱工業,1年に1回,https://www.city.akita.lg.jp/shisei/tokei/1003666/1003575.html,CC BYに準拠。,2018-07-01,2023-05-01,
052019,0000000099,秋田県,秋田市,産業中分類別事業所数、従業者数、製造品出荷額等の推移,産業中分類別事業所数、従業者数、製造品出荷額等の推移,excel,鉱工業,1年に1回,https://www.city.akita.lg.jp/shisei/tokei/1003666/1003575.html,CC BYに準拠。,2018-07-01,2023-04-28,
052019,0000000100,秋田県,秋田市,[秋田市の事業所] 平成26年経済センサス－基礎調査,[秋田市の事業所] 平成26年経済センサス－基礎調査,excel,商業・サービス業,次回調査は5年後,https://www.city.akita.lg.jp/shisei/tokei/1003666/1003571.html,CC BYに準拠。,2018-07-01,2018-07-01,
052019,0000000101,秋田県,秋田市,[秋田市の事業所] 平成21年経済センサス－基礎調査,[秋田市の事業所] 平成21年経済センサス－基礎調査,excel,商業・サービス業,次回調査は5年後,https://www.city.akita.lg.jp/shisei/tokei/1003666/1003571.html,CC BYに準拠。,2018-07-01,2018-07-01,
052019,0000000102,秋田県,秋田市,[秋田市の事業所] 平成18年事業所・企業統計調査 ,[秋田市の事業所] 平成18年事業所・企業統計調査 ,excel,商業・サービス業,調査廃止,https://www.city.akita.lg.jp/shisei/tokei/1003666/1003571.html,CC BYに準拠。,2018-07-01,2018-07-01,
052019,0000000103,秋田県,秋田市,[秋田市の事業所] 平成13年事業所・企業統計調査 ,[秋田市の事業所] 平成13年事業所・企業統計調査 ,excel,商業・サービス業,調査廃止,https://www.city.akita.lg.jp/shisei/tokei/1003666/1003571.html,CC BYに準拠。,2018-07-01,2018-07-01,
052019,0000000104,秋田県,秋田市,[秋田市の事業所] 平成8年事業所・企業統計調査,[秋田市の事業所] 平成8年事業所・企業統計調査,excel,商業・サービス業,調査廃止,https://www.city.akita.lg.jp/shisei/tokei/1003666/1003571.html,CC BYに準拠。,2018-07-01,2018-07-01,
052019,0000000105,秋田県,秋田市,事業所数・従業者数の推移,事業所数・従業者数の推移,excel,商業・サービス業,1年に1回,https://www.city.akita.lg.jp/shisei/tokei/1003666/1003571.html,CC BYに準拠。,2018-07-01,2023-04-11,
052019,0000000106,秋田県,秋田市,平成24年経済センサス－活動調査 ,平成24年経済センサス－活動調査 ,excel,商業・サービス業,次回調査は5年後,https://www.city.akita.lg.jp/shisei/tokei/1003666/1003578.html,CC BYに準拠。,2018-07-01,2018-07-01,
052019,0000000107,秋田県,秋田市,平成19年商業統計調査,平成19年商業統計調査,excel,商業・サービス業,調査廃止,https://www.city.akita.lg.jp/shisei/tokei/1003666/1003578.html,CC BYに準拠。,2018-07-01,2018-07-01,
052019,0000000108,秋田県,秋田市,平成16年商業統計調査,平成16年商業統計調査,excel,商業・サービス業,調査廃止,https://www.city.akita.lg.jp/shisei/tokei/1003666/1003578.html,CC BYに準拠。,2018-07-01,2018-07-01,
052019,0000000109,秋田県,秋田市,平成14年商業統計調査,平成14年商業統計調査,excel,商業・サービス業,調査廃止,https://www.city.akita.lg.jp/shisei/tokei/1003666/1003578.html,CC BYに準拠。,2018-07-01,2018-07-01,
052019,0000000110,秋田県,秋田市,平成11年商業統計調査,平成11年商業統計調査,excel,商業・サービス業,調査廃止,https://www.city.akita.lg.jp/shisei/tokei/1003666/1003578.html,CC BYに準拠。,2018-07-01,2018-07-01,
052019,0000000111,秋田県,秋田市,平成9年商業統計調査,平成9年商業統計調査,excel,商業・サービス業,調査廃止,https://www.city.akita.lg.jp/shisei/tokei/1003666/1003578.html,CC BYに準拠。,2018-07-01,2018-07-01,
052019,0000000112,秋田県,秋田市,平成4年商業統計調査,平成4年商業統計調査,excel,商業・サービス業,調査廃止,https://www.city.akita.lg.jp/shisei/tokei/1003666/1003578.html,CC BYに準拠。,2018-07-01,2018-07-01,
052019,0000000113,秋田県,秋田市,[平成28年経済センサス 活動調査他] 商業の推移（卸売・小売業）,[平成24年経済センサス 活動調査他] 商業の推移（卸売・小売業）,excel,商業・サービス業,5年に1回,https://www.city.akita.lg.jp/shisei/tokei/1003666/1003578.html,CC BYに準拠。,2018-07-01,2023-04-28,
052019,0000000114,秋田県,秋田市,[平成28年経済センサス 活動調査他]産業分類別商店数、従業者数、年間商品販売額,[平成24年経済センサス 活動調査他]産業分類別商店数、従業者数、年間商品販売額,excel,商業・サービス業,5年に1回,https://www.city.akita.lg.jp/shisei/tokei/1003666/1003578.html,CC BYに準拠。,2018-07-01,2023-04-28,
052019,0000000115,秋田県,秋田市,[平成28年経済センサス 活動調査他] 中央卸売市場の品種別取扱数量 ,[平成24年経済センサス 活動調査他] 中央卸売市場の品種別取扱数量 ,excel,商業・サービス業,5年に1回,https://www.city.akita.lg.jp/shisei/tokei/1003666/1003578.html,CC BYに準拠。,2018-07-01,2023-05-11,
052019,0000000116,秋田県,秋田市,[平成28年経済センサス 活動調査他] 酒類の消費数量 ,[平成24年経済センサス 活動調査他] 酒類の消費数量 ,excel,商業・サービス業,5年に1回,https://www.city.akita.lg.jp/shisei/tokei/1003666/1003578.html,CC BYに準拠。,2018-07-01,2023-04-28,
052019,0000000117,秋田県,秋田市,秋田市中小企業融資あっせん状況（一般事業資金）,秋田市中小企業融資あっせん状況（一般事業資金）,excel,商業・サービス業,1年に1回,https://www.city.akita.lg.jp/shisei/tokei/1003666/1003579.html,CC BYに準拠。,2018-07-01,2023-04-01,
052019,0000000118,秋田県,秋田市,手形の交換状況,手形の交換状況,excel,商業・サービス業,1年に1回,https://www.city.akita.lg.jp/shisei/tokei/1003666/1003579.html,CC BYに準拠。,2018-07-01,2023-03-02,
052019,0000000119,秋田県,秋田市,信用保証状況 ,信用保証状況 ,excel,商業・サービス業,1年に1回,https://www.city.akita.lg.jp/shisei/tokei/1003666/1003579.html,CC BYに準拠。,2018-07-01,2023-03-02,
052019,0000000120,秋田県,秋田市,主要金融機関の店舗数,主要金融機関の店舗数,excel,商業・サービス業,1年に1回,https://www.city.akita.lg.jp/shisei/tokei/1003666/1003579.html,CC BYに準拠。,2018-07-01,2023-04-12,
052019,0000000121,秋田県,秋田市,主要金融機関の預金・貸出金状況,主要金融機関の預金・貸出金状況,excel,商業・サービス業,1年に1回,https://www.city.akita.lg.jp/shisei/tokei/1003666/1003579.html,CC BYに準拠。,2018-07-01,2023-03-02,
052019,0000000122,秋田県,秋田市,市民経済計算総括表（平成27年度より） ,市民経済計算総括表（平成27年度より） ,excel,企業・家計・経済,1年に1回,https://www.city.akita.lg.jp/shisei/tokei/1003666/1003592.html,CC BYに準拠。,2018-07-01,2023-06-28,
052019,0000000123,秋田県,秋田市,経済活動別市内総生産 ,経済活動別市内総生産 ,excel,企業・家計・経済,1年に1回,https://www.city.akita.lg.jp/shisei/tokei/1003666/1003592.html,CC BYに準拠。,2018-07-01,2023-06-28,
052019,0000000124,秋田県,秋田市,市民所得の分配 ,市民所得の分配 ,excel,企業・家計・経済,1年に1回,https://www.city.akita.lg.jp/shisei/tokei/1003666/1003592.html,CC BYに準拠。,2018-07-01,2023-06-28,
052019,0000000125,秋田県,秋田市,構造別建築物の件数・床面積・工事費（着工建築物）,構造別建築物の件数・床面積・工事費（着工建築物）,excel,住宅・土地・建設,1年に1回,https://www.city.akita.lg.jp/shisei/tokei/1003666/1003583.html,CC BYに準拠。,2018-07-01,2023-04-13,
052019,0000000126,秋田県,秋田市,用途別床面積（着工建築物）,用途別床面積（着工建築物）,excel,住宅・土地・建設,1年に1回,https://www.city.akita.lg.jp/shisei/tokei/1003666/1003583.html,CC BYに準拠。,2018-07-01,2023-04-13,
052019,0000000127,秋田県,秋田市,資金別利用関係別新設住宅の戸数・床面積,資金別利用関係別新設住宅の戸数・床面積,excel,住宅・土地・建設,1年に1回,https://www.city.akita.lg.jp/shisei/tokei/1003666/1003583.html,CC BYに準拠。,2018-07-01,2023-04-13,
052019,0000000128,秋田県,秋田市,用途地域別建築確認件数,用途地域別建築確認件数,excel,住宅・土地・建設,1年に1回,https://www.city.akita.lg.jp/shisei/tokei/1003666/1003583.html,CC BYに準拠。,2018-07-01,2023-05-12,
052019,0000000129,秋田県,秋田市,新設住宅建築確認件数 ,新設住宅建築確認件数 ,excel,住宅・土地・建設,1年に1回,https://www.city.akita.lg.jp/shisei/tokei/1003666/1003583.html,CC BYに準拠。,2018-07-01,2023-04-13,
052019,0000000130,秋田県,秋田市,専用住宅確認件数,専用住宅確認件数,excel,住宅・土地・建設,1年に1回,https://www.city.akita.lg.jp/shisei/tokei/1003666/1003583.html,CC BYに準拠。,2018-07-01,2023-03-29,
052019,0000000131,秋田県,秋田市,[住宅・土地統計調査] 居住世帯の有無別住宅数、人が居住する住宅以外の建物数 ,[住宅・土地統計調査] 居住世帯の有無別住宅数、人が居住する住宅以外の建物数 ,excel,住宅・土地・建設,次回調査は5年後,https://www.city.akita.lg.jp/shisei/tokei/1003666/1003583.html,CC BYに準拠。,2018-07-01,2023-04-13,
052019,0000000132,秋田県,秋田市,[住宅・土地統計調査] 住宅数、人が居住する住宅以外の建物数と世帯の種類別世帯数、世帯人員 ,[住宅・土地統計調査] 住宅数、人が居住する住宅以外の建物数と世帯の種類別世帯数、世帯人員 ,excel,住宅・土地・建設,次回調査は5年後,https://www.city.akita.lg.jp/shisei/tokei/1003666/1003583.html,CC BYに準拠。,2018-07-01,2023-04-13,
052019,0000000133,秋田県,秋田市,[住宅・土地統計調査] 世帯の主な働き手の通勤時間,[住宅・土地統計調査] 世帯の主な働き手の通勤時間,excel,住宅・土地・建設,次回調査は5年後,https://www.city.akita.lg.jp/shisei/tokei/1003666/1003583.html,CC BYに準拠。,2018-07-01,2023-04-13,
052019,0000000134,秋田県,秋田市,[住宅・土地統計調査] 住宅の所有、種類の関係別住宅数等 ,[住宅・土地統計調査] 住宅の所有、種類の関係別住宅数等 ,excel,住宅・土地・建設,次回調査は5年後,https://www.city.akita.lg.jp/shisei/tokei/1003666/1003583.html,CC BYに準拠。,2018-07-01,2023-04-13,
052019,0000000135,秋田県,秋田市,[住宅・土地統計調査] 建築の時期別自動火災感知設備の状況 ,[住宅・土地統計調査] 建築の時期別自動火災感知設備の状況 ,excel,住宅・土地・建設,次回調査は5年後,https://www.city.akita.lg.jp/shisei/tokei/1003666/1003583.html,CC BYに準拠。,2018-07-01,2023-01-24,
052019,0000000136,秋田県,秋田市,[住宅・土地統計調査] 建築の時期別住宅数 ,[住宅・土地統計調査] 建築の時期別住宅数 ,excel,住宅・土地・建設,次回調査は5年後,https://www.city.akita.lg.jp/shisei/tokei/1003666/1003583.html,CC BYに準拠。,2018-07-01,2023-04-13,
052019,0000000137,秋田県,秋田市,[住宅・土地統計調査] 最低居住水準・誘導居住水準状況別主世帯数 ,[住宅・土地統計調査] 最低居住水準・誘導居住水準状況別主世帯数 ,excel,住宅・土地・建設,次回調査は5年後,https://www.city.akita.lg.jp/shisei/tokei/1003666/1003583.html,CC BYに準拠。,2018-07-01,2023-01-24,
052019,0000000138,秋田県,秋田市,[住宅・土地統計調査] 住宅の種類・建築の時期・所有の関係等別、65歳以上の世帯員のいる世帯の高齢者等のための設備,[住宅・土地統計調査] 住宅の種類・建築の時期・所有の関係等別、65歳以上の世帯員のいる世帯の高齢者等のための設備,excel,住宅・土地・建設,次回調査は5年後,https://www.city.akita.lg.jp/shisei/tokei/1003666/1003583.html,CC BYに準拠。,2018-07-01,2023-04-13,
052019,0000000139,秋田県,秋田市,[住宅・土地統計調査] 主世帯の年間収入、一か月当たりの家賃別借家数,[住宅・土地統計調査] 主世帯の年間収入、一か月当たりの家賃別借家数,excel,住宅・土地・建設,次回調査は5年後,https://www.city.akita.lg.jp/shisei/tokei/1003666/1003583.html,CC BYに準拠。,2018-07-01,2023-04-13,
052019,0000000140,秋田県,秋田市,建物の棟数と床面積等の推移 ,建物の棟数と床面積等の推移 ,excel,住宅・土地・建設,1年に1回,https://www.city.akita.lg.jp/shisei/tokei/1003666/1003583.html,CC BYに準拠。,2018-07-01,2023-03-29,
052019,0000000141,秋田県,秋田市,公営住宅,公営住宅,excel,住宅・土地・建設,1年に1回,https://www.city.akita.lg.jp/shisei/tokei/1003666/1003583.html,CC BYに準拠。,2018-07-01,2023-03-29,
052019,0000000142,秋田県,秋田市,道路の状況,道路の状況,excel,住宅・土地・建設,1年に1回,https://www.city.akita.lg.jp/shisei/tokei/1003666/1003583.html,CC BYに準拠。,2018-07-01,2023-04-13,
052019,0000000143,秋田県,秋田市,橋梁の状況 ,橋梁の状況 ,excel,住宅・土地・建設,1年に1回,https://www.city.akita.lg.jp/shisei/tokei/1003666/1003583.html,CC BYに準拠。,2018-07-01,2023-04-13,
052019,0000000144,秋田県,秋田市,市道の状況 ,市道の状況 ,excel,住宅・土地・建設,1年に1回,https://www.city.akita.lg.jp/shisei/tokei/1003666/1003583.html,CC BYに準拠。,2018-07-01,2023-04-13,
052019,0000000145,秋田県,秋田市,公共下水道の状況,公共下水道の状況,excel,住宅・土地・建設,1年に1回,https://www.city.akita.lg.jp/shisei/tokei/1003666/1003583.html,CC BYに準拠。,2018-07-01,2023-04-13,
052019,0000000146,秋田県,秋田市,都市計画道路の状況,都市計画道路の状況,excel,住宅・土地・建設,1年に1回,https://www.city.akita.lg.jp/shisei/tokei/1003666/1003583.html,CC BYに準拠。,2018-07-01,2023-04-13,
052019,0000000147,秋田県,秋田市,区画整理事業による公共施設等の整備状況,区画整理事業による公共施設等の整備状況,excel,住宅・土地・建設,1年に1回,https://www.city.akita.lg.jp/shisei/tokei/1003666/1003583.html,CC BYに準拠。,2018-07-01,2023-04-27,
052019,0000000148,秋田県,秋田市,宅地開発の推移,宅地開発の推移,excel,住宅・土地・建設,1年に1回,https://www.city.akita.lg.jp/shisei/tokei/1003666/1003583.html,CC BYに準拠。,2018-07-01,2023-03-31,
052019,0000000149,秋田県,秋田市,保存樹の状況,保存樹の状況,excel,住宅・土地・建設,1年に1回,https://www.city.akita.lg.jp/shisei/tokei/1003666/1003583.html,CC BYに準拠。,2018-07-01,2023-03-31,
052019,0000000150,秋田県,秋田市,電灯・電力需要状況,電灯・電力需要状況,excel,エネルギー・水,更新予定なし,https://www.city.akita.lg.jp/shisei/tokei/1003666/1003585.html,CC BYに準拠。,2018-07-01,2019-03-29,
052019,0000000151,秋田県,秋田市,ガス需要状況（東部ガス）,ガス需要状況（東部ガス）,excel,エネルギー・水,1年に1回,https://www.city.akita.lg.jp/shisei/tokei/1003666/1003585.html,CC BYに準拠。,2018-07-01,2023-04-12,
052019,0000000152,秋田県,秋田市,上水道の給水状況,上水道の給水状況,excel,エネルギー・水,1年に1回,https://www.city.akita.lg.jp/shisei/tokei/1003666/1003585.html,CC BYに準拠。,2018-07-01,2023-04-12,
052019,0000000153,秋田県,秋田市,簡易水道の給水状況（上水道給水区域外）,簡易水道の給水状況（上水道給水区域外）,excel,エネルギー・水,1年に1回,https://www.city.akita.lg.jp/shisei/tokei/1003666/1003585.html,CC BYに準拠。,2018-07-01,2023-04-12,
052019,0000000154,秋田県,秋田市,秋田市マイタウン・バス、中心市街地循環バス（ぐるる）路線データ,秋田市マイタウン・バス、中心市街地循環バス（ぐるる）路線データ,text,運輸・観光,変更があった場合,https://www.akita-bus.or.jp/pages/39/,CC BYに準拠。,2018-10-26,2021-10-01,2022年2月から外部リンクに変更
052019,0000000155,秋田県,秋田市,秋田港の貨物取扱状況,秋田港の貨物取扱状況,excel,運輸・観光,1年に1回,https://www.city.akita.lg.jp/shisei/tokei/1003666/1003581.html,CC BYに準拠。,2018-07-01,2023-04-12,
052019,0000000156,秋田県,秋田市,秋田港の入港船舶状況 ,秋田港の入港船舶状況 ,excel,運輸・観光,1年に1回,https://www.city.akita.lg.jp/shisei/tokei/1003666/1003581.html,CC BYに準拠。,2018-07-01,2023-04-12,
052019,0000000157,秋田県,秋田市,秋田港の階級別入港船舶数,秋田港の階級別入港船舶数,excel,運輸・観光,1年に1回,https://www.city.akita.lg.jp/shisei/tokei/1003666/1003581.html,CC BYに準拠。,2018-07-01,2023-04-12,
052019,0000000158,秋田県,秋田市,秋田港の国別輸出入貨物状況,秋田港の国別輸出入貨物状況,excel,運輸・観光,1年に1回,https://www.city.akita.lg.jp/shisei/tokei/1003666/1003581.html,CC BYに準拠。,2018-07-01,2023-04-12,
052019,0000000159,秋田県,秋田市,秋田空港の利用状況 （1）秋田－東京（羽田）間,秋田空港の利用状況 （1）秋田－東京（羽田）間,excel,運輸・観光,1年に1回,https://www.city.akita.lg.jp/shisei/tokei/1003666/1003581.html,CC BYに準拠。,2018-07-01,2023-04-27,
052019,0000000160,秋田県,秋田市,秋田空港の利用状況 （2）秋田－大阪（伊丹）間,秋田空港の利用状況 （2）秋田－大阪（伊丹）間,excel,運輸・観光,1年に1回,https://www.city.akita.lg.jp/shisei/tokei/1003666/1003581.html,CC BYに準拠。,2018-07-01,2023-04-27,
052019,0000000161,秋田県,秋田市,秋田空港の利用状況 （3）秋田－札幌（新千歳）間,秋田空港の利用状況 （3）秋田－札幌（新千歳）間,excel,運輸・観光,1年に1回,https://www.city.akita.lg.jp/shisei/tokei/1003666/1003581.html,CC BYに準拠。,2018-07-01,2023-04-27,
052019,0000000162,秋田県,秋田市,秋田空港の利用状況 （4）秋田－名古屋（中部、小牧）間,秋田空港の利用状況 （4）秋田－名古屋（中部、小牧）間,excel,運輸・観光,1年に1回,https://www.city.akita.lg.jp/shisei/tokei/1003666/1003581.html,CC BYに準拠。,2018-07-01,2023-04-27,
052019,0000000163,秋田県,秋田市,秋田空港の利用状況 （5）秋田－韓国（仁川）間,秋田空港の利用状況 （5）秋田－韓国（仁川）間,excel,運輸・観光,1年に1回,https://www.city.akita.lg.jp/shisei/tokei/1003666/1003581.html,CC BYに準拠。,2018-07-01,2023-04-27,
052019,0000000164,秋田県,秋田市,秋田空港の利用状況 （6）貨物・郵便（全路線）,秋田空港の利用状況 （6）貨物・郵便（全路線）,excel,運輸・観光,1年に1回,https://www.city.akita.lg.jp/shisei/tokei/1003666/1003581.html,CC BYに準拠。,2018-07-01,2023-04-27,
052019,0000000165,秋田県,秋田市,自動車保有台数,自動車保有台数,excel,運輸・観光,1年に1回,https://www.city.akita.lg.jp/shisei/tokei/1003666/1003581.html,CC BYに準拠。,2018-07-01,2023-04-27,
052019,0000000166,秋田県,秋田市,秋田市公衆無線LANアクセスポイント一覧,秋田市公衆無線LANアクセスポイント一覧,excel,情報通信・科学技術,変更があった場合,https://www.city.akita.lg.jp/kurashi/kokyoshisetsu/1002716.html,CC BYに準拠。,2018-11-13,2023-04-01,
052019,0000000167,秋田県,秋田市,[学校基本調査他] 学校の概況,[学校基本調査他] 学校の概況,excel,教育・文化・スポーツ・生活,1年に1回,https://www.city.akita.lg.jp/shisei/tokei/1003666/1003569.html,CC BYに準拠。,2018-07-01,2023-05-10,
052019,0000000168,秋田県,秋田市,[学校基本調査他] 幼稚園の概況,[学校基本調査他] 幼稚園の概況,excel,教育・文化・スポーツ・生活,1年に1回,https://www.city.akita.lg.jp/shisei/tokei/1003666/1003569.html,CC BYに準拠。,2018-07-01,2023-05-01,
052019,0000000169,秋田県,秋田市,[学校基本調査他] 小学校の概況,[学校基本調査他] 小学校の概況,excel,教育・文化・スポーツ・生活,1年に1回,https://www.city.akita.lg.jp/shisei/tokei/1003666/1003569.html,CC BYに準拠。,2018-07-01,2023-05-01,
052019,0000000170,秋田県,秋田市,[学校基本調査他] 中学校の概況,[学校基本調査他] 中学校の概況,excel,教育・文化・スポーツ・生活,1年に1回,https://www.city.akita.lg.jp/shisei/tokei/1003666/1003569.html,CC BYに準拠。,2018-07-01,2023-05-01,
052019,0000000171,秋田県,秋田市,[学校基本調査他] 市立小学校施設の整備状況,[学校基本調査他] 市立小学校施設の整備状況,excel,教育・文化・スポーツ・生活,1年に1回,https://www.city.akita.lg.jp/shisei/tokei/1003666/1003569.html,CC BYに準拠。,2018-07-01,2023-04-14,
052019,0000000172,秋田県,秋田市,[学校基本調査他] 市立中学校施設の整備状況,[学校基本調査他] 市立中学校施設の整備状況,excel,教育・文化・スポーツ・生活,1年に1回,https://www.city.akita.lg.jp/shisei/tokei/1003666/1003569.html,CC BYに準拠。,2018-07-01,2023-04-14,
052019,0000000173,秋田県,秋田市,[学校基本調査他] 児童・生徒の平均体位,[学校基本調査他] 児童・生徒の平均体位,excel,教育・文化・スポーツ・生活,1年に1回,https://www.city.akita.lg.jp/shisei/tokei/1003666/1003569.html,CC BYに準拠。,2018-07-01,2023-04-14,
052019,0000000174,秋田県,秋田市,[学校基本調査他] 高等学校の概況,[学校基本調査他] 高等学校の概況,excel,教育・文化・スポーツ・生活,1年に1回,https://www.city.akita.lg.jp/shisei/tokei/1003666/1003569.html,CC BYに準拠。,2018-07-01,2023-05-01,
052019,0000000175,秋田県,秋田市,[学校基本調査他] 高等学校の学科別生徒数,[学校基本調査他] 高等学校の学科別生徒数,excel,教育・文化・スポーツ・生活,1年に1回,https://www.city.akita.lg.jp/shisei/tokei/1003666/1003569.html,CC BYに準拠。,2018-07-01,2023-05-01,
052019,0000000176,秋田県,秋田市,[学校基本調査他] 高等専門学校の概況,[学校基本調査他] 高等専門学校の概況,excel,教育・文化・スポーツ・生活,1年に1回,https://www.city.akita.lg.jp/shisei/tokei/1003666/1003569.html,CC BYに準拠。,2018-07-01,2023-05-01,
052019,0000000177,秋田県,秋田市,[学校基本調査他] 短期大学の概況,[学校基本調査他] 短期大学の概況,excel,教育・文化・スポーツ・生活,1年に1回,https://www.city.akita.lg.jp/shisei/tokei/1003666/1003569.html,CC BYに準拠。,2018-07-01,2023-04-19,
052019,0000000178,秋田県,秋田市,[学校基本調査他] 大学の概況,[学校基本調査他] 大学の概況,excel,教育・文化・スポーツ・生活,1年に1回,https://www.city.akita.lg.jp/shisei/tokei/1003666/1003569.html,CC BYに準拠。,2018-07-01,2023-05-01,
052019,0000000179,秋田県,秋田市,[学校基本調査他] 特別支援学校の概況,[学校基本調査他] 特別支援学校の概況,excel,教育・文化・スポーツ・生活,1年に1回,https://www.city.akita.lg.jp/shisei/tokei/1003666/1003569.html,CC BYに準拠。,2018-07-01,2023-04-20,
052019,0000000180,秋田県,秋田市,[学校基本調査他] 専修学校の概況,[学校基本調査他] 専修学校の概況,excel,教育・文化・スポーツ・生活,1年に1回,https://www.city.akita.lg.jp/shisei/tokei/1003666/1003569.html,CC BYに準拠。,2018-07-01,2023-04-19,
052019,0000000181,秋田県,秋田市,[学校基本調査他] 中学校卒業者の進路状況,[学校基本調査他] 中学校卒業者の進路状況,excel,教育・文化・スポーツ・生活,1年に1回,https://www.city.akita.lg.jp/shisei/tokei/1003666/1003569.html,CC BYに準拠。,2018-07-01,2023-05-09,
052019,0000000182,秋田県,秋田市,[学校基本調査他] 高等学校卒業者の進路状況,[学校基本調査他] 高等学校卒業者の進路状況,excel,教育・文化・スポーツ・生活,1年に1回,https://www.city.akita.lg.jp/shisei/tokei/1003666/1003569.html,CC BYに準拠。,2018-07-01,2023-05-09,
052019,0000000183,秋田県,秋田市,[学校基本調査他] 高等学校卒業者の進学先,[学校基本調査他] 高等学校卒業者の進学先,excel,教育・文化・スポーツ・生活,1年に1回,https://www.city.akita.lg.jp/shisei/tokei/1003666/1003569.html,CC BYに準拠。,2018-07-01,2023-05-09,
052019,0000000184,秋田県,秋田市,[学校基本調査他] 高等学校卒業者の都道府県別就職状況,[学校基本調査他] 高等学校卒業者の都道府県別就職状況,excel,教育・文化・スポーツ・生活,1年に1回,https://www.city.akita.lg.jp/shisei/tokei/1003666/1003569.html,CC BYに準拠。,2018-07-01,2023-05-11,
052019,0000000185,秋田県,秋田市,[学校基本調査他] 高等学校卒業者の産業別就職状況,[学校基本調査他] 高等学校卒業者の産業別就職状況,excel,教育・文化・スポーツ・生活,1年に1回,https://www.city.akita.lg.jp/shisei/tokei/1003666/1003569.html,CC BYに準拠。,2018-07-01,2023-05-11,
052019,0000000186,秋田県,秋田市,[学校基本調査他] 高等専門学校卒業者の進路状況,[学校基本調査他] 高等専門学校卒業者の進路状況,excel,教育・文化・スポーツ・生活,1年に1回,https://www.city.akita.lg.jp/shisei/tokei/1003666/1003569.html,CC BYに準拠。,2018-07-01,2023-05-09,
052019,0000000187,秋田県,秋田市,[学校基本調査他] 短期大学卒業者の進路状況,[学校基本調査他] 短期大学卒業者の進路状況,excel,教育・文化・スポーツ・生活,1年に1回,https://www.city.akita.lg.jp/shisei/tokei/1003666/1003569.html,CC BYに準拠。,2018-07-01,2023-05-09,
052019,0000000188,秋田県,秋田市,[学校基本調査他] 大学卒業者の進路状況,[学校基本調査他] 大学卒業者の進路状況,excel,教育・文化・スポーツ・生活,1年に1回,https://www.city.akita.lg.jp/shisei/tokei/1003666/1003569.html,CC BYに準拠。,2018-07-01,2023-05-09,
052019,0000000189,秋田県,秋田市,[主要文化施設の利用状況] 市民サービスセンター等（総数、中央市民サービスセンター、北部市民サービスセンター、西部市民サービスセンター、東部市民サービスセンター、南部市民サービスセンター、南部市民サービスセンター別館、下新城交流センター、河辺市民サービスセンター、雄和市民サービスセンター）,[主要文化施設の利用状況] 市民サービスセンター等（総数、中央市民サービスセンター、北部市民サービスセンター、西部市民サービスセンター、東部市民サービスセンター、南部市民サービスセンター、南部市民サービスセンター別館、下新城交流センター、河辺市民サービスセンター、雄和市民サービスセンター）,excel,教育・文化・スポーツ・生活,1年に1回,https://www.city.akita.lg.jp/shisei/tokei/1003666/1003569.html,CC BYに準拠。,2018-07-01,2023-05-01,
052019,0000000190,秋田県,秋田市,[主要文化施設の利用状況] 大森山動物園、老人いこいの家、女性学習センター、市立千秋美術館、文化会館、勤労青少年ホーム,[主要文化施設の利用状況] 大森山動物園、老人いこいの家、女性学習センター、市立千秋美術館、文化会館、勤労青少年ホーム,excel,教育・文化・スポーツ・生活,1年に1回,https://www.city.akita.lg.jp/shisei/tokei/1003666/1003569.html,CC BYに準拠。,2018-07-01,2023-05-10,
052019,0000000191,秋田県,秋田市,[主要文化施設の利用状況] 市立図書館、視聴覚ライブラリー,[主要文化施設の利用状況] 市立図書館、視聴覚ライブラリー,excel,教育・文化・スポーツ・生活,1年に1回,https://www.city.akita.lg.jp/shisei/tokei/1003666/1003569.html,CC BYに準拠。,2018-07-01,2023-05-10,
052019,0000000192,秋田県,秋田市,[主要文化施設の利用状況] 児童館、コミュニティセンター、ガラス工房、野外音楽堂、秋田城跡歴史資料館、赤レンガ郷土館、民俗芸能伝承館、土崎みなと歴史伝承館、佐竹史料館,[主要文化施設の利用状況] 児童館、コミュニティセンター、ガラス工房、野外音楽堂、秋田城跡歴史資料館、赤レンガ郷土館、民俗芸能伝承館、土崎みなと歴史伝承館、佐竹史料館,excel,教育・文化・スポーツ・生活,1年に1回,https://www.city.akita.lg.jp/shisei/tokei/1003666/1003569.html,CC BYに準拠。,2018-07-01,2023-04-14,
052019,0000000193,秋田県,秋田市,[主要文化施設の利用状況] 県立図書館、県立美術館、県生涯学習センター、県民会館、県児童館,[主要文化施設の利用状況] 県立図書館、県立美術館、県生涯学習センター、県民会館、県児童館,excel,教育・文化・スポーツ・生活,1年に1回,https://www.city.akita.lg.jp/shisei/tokei/1003666/1003569.html,CC BYに準拠。,2018-07-01,2023-05-01,
052019,0000000194,秋田県,秋田市,[主要文化施設の利用状況] 秋田県立博物館、秋田県総合生活文化会館（アトリオン）、太平山自然学習センター,[主要文化施設の利用状況] 秋田県立博物館、秋田県総合生活文化会館（アトリオン）、太平山自然学習センター,excel,教育・文化・スポーツ・生活,1年に1回,https://www.city.akita.lg.jp/shisei/tokei/1003666/1003569.html,CC BYに準拠。,2018-07-01,2023-04-14,
052019,0000000195,秋田県,秋田市,[主要スポーツ施設の利用状況] 八橋陸上競技場、八橋球場、八橋健康広場、市立体育館、テニスコート、多目的グラウンド、八橋球技場、太平山スキー場、八橋第2球技場、土崎体育館、土崎市民グランド、茨島体育館,[主要スポーツ施設の利用状況] 八橋陸上競技場、八橋球場、八橋健康広場、市立体育館、テニスコート、多目的グラウンド、八橋球技場、太平山スキー場、八橋第2球技場、土崎体育館、土崎市民グランド、茨島体育館,excel,教育・文化・スポーツ・生活,1年に1回,https://www.city.akita.lg.jp/shisei/tokei/1003666/1003569.html,CC BYに準拠。,2018-07-01,2023-04-19,
052019,0000000196,秋田県,秋田市,[主要スポーツ施設の利用状況] 学校体育館施設、ナイター施設、勝平屋内ゲートボール場、屋内多目的運動場、県立体育館、サンライフ秋田,[主要スポーツ施設の利用状況] 学校体育館施設、ナイター施設、勝平屋内ゲートボール場、屋内多目的運動場、県立体育館、サンライフ秋田,excel,教育・文化・スポーツ・生活,1年に1回,https://www.city.akita.lg.jp/shisei/tokei/1003666/1003569.html,CC BYに準拠。,2018-07-01,2023-05-10,
052019,0000000197,秋田県,秋田市,[主要スポーツ施設の利用状況] 新屋運動広場、向浜運動広場、県スポーツ科学センター、県立スケート場県立総合プール、県立野球場、一つ森公園弓道場,[主要スポーツ施設の利用状況] 新屋運動広場、向浜運動広場、県スポーツ科学センター、県立スケート場県立総合プール、県立野球場、一つ森公園弓道場,excel,教育・文化・スポーツ・生活,1年に1回,https://www.city.akita.lg.jp/shisei/tokei/1003666/1003569.html,CC BYに準拠。,2018-07-01,2023-04-13,
052019,0000000198,秋田県,秋田市,[主要スポーツ施設の利用状況] 河辺体育館、スポパークかわべ、河辺岩見三内野球場、河辺和田野球場、河辺戸島野球場、北野田公園、雄和体育館、雄和南体育館、雄和新波野球場、花の森野球場、花の森テニスコート、雄和B＆G海洋センター,[主要スポーツ施設の利用状況] 河辺体育館、スポパークかわべ、河辺岩見三内野球場、河辺和田野球場、河辺戸島野球場、北野田公園、雄和体育館、雄和南体育館、雄和新波野球場、花の森野球場、花の森テニスコート、雄和B＆G海洋センター,excel,教育・文化・スポーツ・生活,1年に1回,https://www.city.akita.lg.jp/shisei/tokei/1003666/1003569.html,CC BYに準拠。,2018-07-01,2023-04-13,
052019,0000000199,秋田県,秋田市,文化財,文化財,excel,教育・文化・スポーツ・生活,1年に1回,https://www.city.akita.lg.jp/shisei/tokei/1003666/1003569.html,CC BYに準拠。,2018-07-01,2023-05-10,
052019,0000000200,秋田県,秋田市,秋田市の歳入・歳出決算の推移,秋田市の歳入・歳出決算の推移,excel,行財政,1年に1回,https://www.city.akita.lg.jp/shisei/tokei/1003666/1003594.html,CC BYに準拠。,2018-07-01,2023-04-25,
052019,0000000201,秋田県,秋田市,一般会計歳入当初予算および決算,一般会計歳入当初予算および決算,excel,行財政,1年に1回,https://www.city.akita.lg.jp/shisei/tokei/1003666/1003594.html,CC BYに準拠。,2018-07-01,2023-05-12,
052019,0000000202,秋田県,秋田市,一般会計目的別歳出当初予算および決算,一般会計目的別歳出当初予算および決算,excel,行財政,1年に1回,https://www.city.akita.lg.jp/shisei/tokei/1003666/1003594.html,CC BYに準拠。,2018-07-01,2023-05-12,
052019,0000000203,秋田県,秋田市,一般会計の性質別歳出当初予算および決算,一般会計の性質別歳出当初予算および決算,excel,行財政,1年に1回,https://www.city.akita.lg.jp/shisei/tokei/1003666/1003594.html,CC BYに準拠。,2018-07-01,2023-05-12,
052019,0000000204,秋田県,秋田市,特別会計歳入・歳出予算および決算,特別会計歳入・歳出予算および決算,excel,行財政,1年に1回,https://www.city.akita.lg.jp/shisei/tokei/1003666/1003594.html,CC BYに準拠。,2018-07-01,2023-05-12,
052019,0000000205,秋田県,秋田市,公営企業会計予算および決算,公営企業会計予算および決算,excel,行財政,1年に1回,https://www.city.akita.lg.jp/shisei/tokei/1003666/1003594.html,CC BYに準拠。,2018-07-01,2023-05-12,
052019,0000000206,秋田県,秋田市,市税の税目別収入状況,市税の税目別収入状況,excel,行財政,1年に1回,https://www.city.akita.lg.jp/shisei/tokei/1003666/1003594.html,CC BYに準拠。,2018-07-01,2023-05-12,
052019,0000000207,秋田県,秋田市,市民一人当たりの市税の負担状況,市民一人当たりの市税の負担状況,excel,行財政,1年に1回,https://www.city.akita.lg.jp/shisei/tokei/1003666/1003594.html,CC BYに準拠。,2018-07-01,2023-04-13,
052019,0000000208,秋田県,秋田市,地方交付税の状況,地方交付税の状況,excel,行財政,1年に1回,https://www.city.akita.lg.jp/shisei/tokei/1003666/1003594.html,CC BYに準拠。,2018-07-01,2023-04-13,
052019,0000000209,秋田県,秋田市,納税貯蓄組合の普及状況,納税貯蓄組合の普及状況,excel,行財政,1年に1回,https://www.city.akita.lg.jp/shisei/tokei/1003666/1003594.html,CC BYに準拠。,2018-07-01,2023-04-13,
052019,0000000210,秋田県,秋田市,譲与税と交付金（決算）,譲与税と交付金（決算）,excel,行財政,1年に1回,https://www.city.akita.lg.jp/shisei/tokei/1003666/1003594.html,CC BYに準拠。,2018-07-01,2023-04-13,
052019,0000000211,秋田県,秋田市,財産差押状況,財産差押状況,excel,行財政,1年に1回,https://www.city.akita.lg.jp/shisei/tokei/1003666/1003594.html,CC BYに準拠。,2018-07-01,2023-04-13,
052019,0000000212,秋田県,秋田市,市有財産,市有財産,excel,行財政,1年に1回,https://www.city.akita.lg.jp/shisei/tokei/1003666/1003594.html,CC BYに準拠。,2018-07-01,2023-04-13,
052019,0000000213,秋田県,秋田市,地目別土地面積,地目別土地面積,excel,行財政,1年に1回,https://www.city.akita.lg.jp/shisei/tokei/1003666/1003594.html,CC BYに準拠。,2018-07-01,2023-04-13,
052019,0000000214,秋田県,秋田市,地目別評価面積・評価額,地目別評価面積・評価額,excel,行財政,1年に1回,https://www.city.akita.lg.jp/shisei/tokei/1003666/1003594.html,CC BYに準拠。,2018-07-01,2023-04-13,
052019,0000000215,秋田県,秋田市,選挙人名簿登録者数の推移,選挙人名簿登録者数の推移,excel,行財政,1年に1回,https://www.city.akita.lg.jp/shisei/tokei/1003666/1003594.html,CC BYに準拠。,2018-07-01,2023-04-13,
052019,0000000216,秋田県,秋田市,選挙の投票状況,選挙の投票状況,excel,行財政,1年に1回,https://www.city.akita.lg.jp/shisei/tokei/1003666/1003594.html,CC BYに準拠。,2018-07-01,2023-04-28,
052019,0000000217,秋田県,秋田市,投票所一覧（オープンデータ）,投票所一覧（オープンデータ）,excel,行財政,変更があった場合,https://www.city.akita.lg.jp/kurashi/senkyo/1009382/1016360.html,CC BYに準拠。,2018-07-20,2022-12-12,
052019,0000000218,秋田県,秋田市,秋田市地域福祉市民意識調査_調査結果集計表,秋田市地域福祉市民意識調査_調査結果集計表,excel,行財政,5年に1回,https://www.city.akita.lg.jp/shisei/hoshin-keikaku/1011481/1004687/1018029/1017370.html,CC BYに準拠。,2018-09-27,2018-09-27,
052019,0000000219,秋田県,秋田市,火災の発生状況と被害状況,火災の発生状況と被害状況,excel,司法・安全・環境,1年に1回,https://www.city.akita.lg.jp/shisei/tokei/1003666/1003593.html,CC BYに準拠。,2018-07-01,2023-04-13,
052019,0000000220,秋田県,秋田市,原因別火災発生件数 ,原因別火災発生件数 ,excel,司法・安全・環境,1年に1回,https://www.city.akita.lg.jp/shisei/tokei/1003666/1003593.html,CC BYに準拠。,2018-07-01,2023-04-25,
052019,0000000221,秋田県,秋田市,消防力の推移,消防力の推移,excel,司法・安全・環境,1年に1回,https://www.city.akita.lg.jp/shisei/tokei/1003666/1003593.html,CC BYに準拠。,2018-07-01,2023-05-12,
052019,0000000222,秋田県,秋田市,消防団の状況 ,消防団の状況 ,excel,司法・安全・環境,1年に1回,https://www.city.akita.lg.jp/shisei/tokei/1003666/1003593.html,CC BYに準拠。,2018-07-01,2023-05-12,
052019,0000000223,秋田県,秋田市,救急車の出動状況,救急車の出動状況,excel,司法・安全・環境,1年に1回,https://www.city.akita.lg.jp/shisei/tokei/1003666/1003593.html,CC BYに準拠。,2018-07-01,2023-04-13,
052019,0000000224,秋田県,秋田市,交通事故の発生状況,交通事故の発生状況,excel,司法・安全・環境,1年に1回,https://www.city.akita.lg.jp/shisei/tokei/1003666/1003593.html,CC BYに準拠。,2018-07-01,2023-04-13,
052019,0000000225,秋田県,秋田市,交通事故の死傷者数,交通事故の死傷者数,excel,司法・安全・環境,1年に1回,https://www.city.akita.lg.jp/shisei/tokei/1003666/1003593.html,CC BYに準拠。,2018-07-01,2023-04-13,
052019,0000000226,秋田県,秋田市,非行少年補導状況,非行少年補導状況,excel,司法・安全・環境,1年に1回,https://www.city.akita.lg.jp/shisei/tokei/1003666/1003593.html,CC BYに準拠。,2018-07-01,2023-04-13,
052019,0000000227,秋田県,秋田市,刑法犯の認知・検挙状況,刑法犯の認知・検挙状況,excel,司法・安全・環境,1年に1回,https://www.city.akita.lg.jp/shisei/tokei/1003666/1003593.html,CC BYに準拠。,2018-07-01,2021-04-16,2022年4月から非公開
052019,0000000228,秋田県,秋田市,地方裁判所事件の処理状況,地方裁判所事件の処理状況,excel,司法・安全・環境,1年に1回,https://www.city.akita.lg.jp/shisei/tokei/1003666/1003593.html,CC BYに準拠。,2018-07-01,2023-04-13,
052019,0000000229,秋田県,秋田市,簡易裁判所事件の処理状況,簡易裁判所事件の処理状況,excel,司法・安全・環境,1年に1回,https://www.city.akita.lg.jp/shisei/tokei/1003666/1003593.html,CC BYに準拠。,2018-07-01,2023-04-13,
052019,0000000230,秋田県,秋田市,家庭裁判所事件の処理状況,家庭裁判所事件の処理状況,excel,司法・安全・環境,1年に1回,https://www.city.akita.lg.jp/shisei/tokei/1003666/1003593.html,CC BYに準拠。,2018-07-01,2023-04-13,
052019,0000000231,秋田県,秋田市,二酸化硫黄（SO2）濃度の測定結果,二酸化硫黄（SO2）濃度の測定結果,excel,司法・安全・環境,1年に1回,https://www.city.akita.lg.jp/shisei/tokei/1003666/1003587.html,CC BYに準拠。,2018-07-01,2023-04-26,
052019,0000000232,秋田県,秋田市,二酸化窒素（NO2）濃度の測定結果,二酸化窒素（NO2）濃度の測定結果,excel,司法・安全・環境,1年に1回,https://www.city.akita.lg.jp/shisei/tokei/1003666/1003587.html,CC BYに準拠。,2018-07-01,2023-04-26,
052019,0000000233,秋田県,秋田市,一酸化炭素（CO）濃度の測定結果,一酸化炭素（CO）濃度の測定結果,excel,司法・安全・環境,1年に1回,https://www.city.akita.lg.jp/shisei/tokei/1003666/1003587.html,CC BYに準拠。,2018-07-01,2023-04-13,
052019,0000000234,秋田県,秋田市,光化学オキシダント（OX）濃度の測定結果,光化学オキシダント（OX）濃度の測定結果,excel,司法・安全・環境,1年に1回,https://www.city.akita.lg.jp/shisei/tokei/1003666/1003587.html,CC BYに準拠。,2018-07-01,2023-04-25,
052019,0000000235,秋田県,秋田市,炭化水素類（HC）濃度の測定結果,炭化水素類（HC）濃度の測定結果,excel,司法・安全・環境,1年に1回,https://www.city.akita.lg.jp/shisei/tokei/1003666/1003587.html,CC BYに準拠。,2018-07-01,2023-04-25,
052019,0000000236,秋田県,秋田市,浮遊粒子状物質（SPM）の測定結果,浮遊粒子状物質（SPM）の測定結果,excel,司法・安全・環境,1年に1回,https://www.city.akita.lg.jp/shisei/tokei/1003666/1003587.html,CC BYに準拠。,2018-07-01,2023-04-25,
052019,0000000237,秋田県,秋田市,主要河川におけるBOD平均値の推移,主要河川におけるBOD平均値の推移,excel,司法・安全・環境,1年に1回,https://www.city.akita.lg.jp/shisei/tokei/1003666/1003587.html,CC BYに準拠。,2018-07-01,2023-04-25,
052019,0000000238,秋田県,秋田市,生活保護,生活保護,excel,社会保障・衛生,1年に1回,https://www.city.akita.lg.jp/shisei/tokei/1003666/1003590.html,CC BYに準拠。,2018-07-01,2023-04-13,
052019,0000000239,秋田県,秋田市,社会福祉施設の概況,社会福祉施設の概況,excel,社会保障・衛生,1年に1回,https://www.city.akita.lg.jp/shisei/tokei/1003666/1003590.html,CC BYに準拠。,2018-07-01,2019-03-29,2019年3月から非公開
052019,0000000240,秋田県,秋田市,児童扶養手当・特別児童扶養手当・児童手当の状況,児童扶養手当・特別児童扶養手当・児童手当の状況,excel,社会保障・衛生,1年に1回,https://www.city.akita.lg.jp/shisei/tokei/1003666/1003590.html,CC BYに準拠。,2018-07-01,2023-04-06,
052019,0000000241,秋田県,秋田市,保育所の概況,保育所の概況,excel,社会保障・衛生,1年に1回,https://www.city.akita.lg.jp/shisei/tokei/1003666/1003590.html,CC BYに準拠。,2018-07-01,2023-04-13,
052019,0000000242,秋田県,秋田市,助産施設の措置状況,助産施設の措置状況,excel,社会保障・衛生,1年に1回,https://www.city.akita.lg.jp/shisei/tokei/1003666/1003590.html,CC BYに準拠。,2018-07-01,2023-04-06,
052019,0000000243,秋田県,秋田市,身体障害者手帳の交付状況,身体障害者手帳の交付状況,excel,社会保障・衛生,1年に1回,https://www.city.akita.lg.jp/shisei/tokei/1003666/1003590.html,CC BYに準拠。,2018-07-01,2023-04-13,
052019,0000000244,秋田県,秋田市,民生委員・児童委員の活動状況,民生委員・児童委員の活動状況,excel,社会保障・衛生,1年に1回,https://www.city.akita.lg.jp/shisei/tokei/1003666/1003590.html,CC BYに準拠。,2018-07-01,2023-04-13,
052019,0000000245,秋田県,秋田市,福祉医療費受給者証の交付状況,福祉医療費受給者証の交付状況,excel,社会保障・衛生,1年に1回,https://www.city.akita.lg.jp/shisei/tokei/1003666/1003590.html,CC BYに準拠。,2018-07-01,2023-04-25,
052019,0000000246,秋田県,秋田市,福祉医療給付状況,福祉医療給付状況,excel,社会保障・衛生,1年に1回,https://www.city.akita.lg.jp/shisei/tokei/1003666/1003590.html,CC BYに準拠。,2018-07-01,2023-04-06,
052019,0000000247,秋田県,秋田市,厚生年金保険,厚生年金保険,excel,社会保障・衛生,1年に1回,https://www.city.akita.lg.jp/shisei/tokei/1003666/1003590.html,CC BYに準拠。,2018-07-01,2023-04-13,
052019,0000000248,秋田県,秋田市,国民年金（国民年金の加入状況）,国民年金（国民年金の加入状況）,excel,社会保障・衛生,1年に1回,https://www.city.akita.lg.jp/shisei/tokei/1003666/1003590.html,CC BYに準拠。,2018-07-01,2023-05-12,
052019,0000000249,秋田県,秋田市,国民健康保険,国民健康保険,excel,社会保障・衛生,1年に1回,https://www.city.akita.lg.jp/shisei/tokei/1003666/1003590.html,CC BYに準拠。,2018-07-01,2023-04-11,
052019,0000000250,秋田県,秋田市,後期高齢者医療保険,後期高齢者医療保険,excel,社会保障・衛生,1年に1回,https://www.city.akita.lg.jp/shisei/tokei/1003666/1003590.html,CC BYに準拠。,2018-07-01,2023-04-13,
052019,0000000251,秋田県,秋田市,戸籍・住民登録・印鑑登録等に関する取扱件数,戸籍・住民登録・印鑑登録等に関する取扱件数,excel,社会保障・衛生,1年に1回,https://www.city.akita.lg.jp/shisei/tokei/1003666/1003590.html,CC BYに準拠。,2018-07-01,2023-04-13,
052019,0000000252,秋田県,秋田市,家庭系ごみの排出状況,家庭系ごみの排出状況,csv,社会保障・衛生,毎月更新,https://www.city.akita.lg.jp/kurashi/recycle/1006071/1006163.html,CC BYに準拠。,2018-07-01,2023-07-06,
052019,0000000253,秋田県,秋田市,食品営業許可施設一覧,食品営業許可施設一覧,excel,社会保障・衛生,毎月更新,https://www.city.akita.lg.jp/kurashi/kenko/1005368/1010019/1017339.html,CC BYに準拠。,2019-11-11,2023-08-14,
052019,0000000254,秋田県,秋田市,し尿の収集・処理状況,し尿の収集・処理状況,excel,社会保障・衛生,1年に1回,https://www.city.akita.lg.jp/shisei/tokei/1003666/1003587.html,CC BYに準拠。,2018-07-01,2023-04-03,
052019,0000000255,秋田県,秋田市,ゴミの収集・処理状況,ゴミの収集・処理状況,excel,社会保障・衛生,1年に1回,https://www.city.akita.lg.jp/shisei/tokei/1003666/1003587.html,CC BYに準拠。,2018-07-01,2023-04-25,
052019,0000000256,秋田県,秋田市,医療施設の概況,医療施設の概況,excel,社会保障・衛生,1年に1回,https://www.city.akita.lg.jp/shisei/tokei/1003666/1003587.html,CC BYに準拠。,2018-07-01,2023-04-18,
052019,0000000257,秋田県,秋田市,医療施設別従事者数,医療施設別従事者数,excel,社会保障・衛生,1年に1回,https://www.city.akita.lg.jp/shisei/tokei/1003666/1003587.html,CC BYに準拠。,2018-07-01,2023-02-03,
052019,0000000258,秋田県,秋田市,医療職種別従事者数,医療職種別従事者数,excel,社会保障・衛生,2年に1回,https://www.city.akita.lg.jp/shisei/tokei/1003666/1003587.html,CC BYに準拠。,2018-07-01,2023-04-21,
052019,0000000259,秋田県,秋田市,市立秋田総合病院の利用者数,市立秋田総合病院の利用者数,excel,社会保障・衛生,1年に1回,https://www.city.akita.lg.jp/shisei/tokei/1003666/1003587.html,CC BYに準拠。,2018-07-01,2023-04-13,
052019,0000000260,秋田県,秋田市,夜間休日応急診療所の利用者数,夜間休日応急診療所の利用者数,excel,社会保障・衛生,1年に1回,https://www.city.akita.lg.jp/shisei/tokei/1003666/1003587.html,CC BYに準拠。,2018-07-01,2023-04-04,
052019,0000000261,秋田県,秋田市,死因順位別死亡者数,死因順位別死亡者数,excel,社会保障・衛生,1年に1回,https://www.city.akita.lg.jp/shisei/tokei/1003666/1003587.html,CC BYに準拠。,2018-07-01,2023-04-04,
052019,0000000262,秋田県,秋田市,新生児の死亡者数,新生児の死亡者数,excel,社会保障・衛生,1年に1回,https://www.city.akita.lg.jp/shisei/tokei/1003666/1003587.html,CC BYに準拠。,2018-07-01,2023-04-04,
052019,0000000263,秋田県,秋田市,乳児の死亡者数,乳児の死亡者数,excel,社会保障・衛生,1年に1回,https://www.city.akita.lg.jp/shisei/tokei/1003666/1003587.html,CC BYに準拠。,2018-07-01,2023-04-04,
052019,0000000264,秋田県,秋田市,予防接種の実施状況,予防接種の実施状況,excel,社会保障・衛生,1年に1回,https://www.city.akita.lg.jp/shisei/tokei/1003666/1003587.html,CC BYに準拠。,2018-07-01,2023-04-13,
052019,0000000265,秋田県,秋田市,各種検診の受診状況,各種検診の受診状況,excel,社会保障・衛生,1年に1回,https://www.city.akita.lg.jp/shisei/tokei/1003666/1003587.html,CC BYに準拠。,2018-07-01,2023-04-04,
052019,0000000266,秋田県,秋田市,特定健康診査等の受診状況と特定保健指導の実施状況,特定健康診査等の受診状況と特定保健指導の実施状況,excel,社会保障・衛生,1年に1回,https://www.city.akita.lg.jp/shisei/tokei/1003666/1003587.html,CC BYに準拠。,2018-07-01,2023-04-04,
052019,0000000267,秋田県,秋田市,乳幼児健康診査の受診状況,乳幼児健康診査の受診状況,excel,社会保障・衛生,1年に1回,https://www.city.akita.lg.jp/shisei/tokei/1003666/1003587.html,CC BYに準拠。,2018-07-01,2023-04-13,
052019,0000000268,秋田県,秋田市,結核健康診断の実施状況,結核健康診断の実施状況,excel,社会保障・衛生,1年に1回,https://www.city.akita.lg.jp/shisei/tokei/1003666/1003587.html,CC BYに準拠。,2018-07-01,2023-04-04,
052019,0000000269,秋田県,秋田市,秋田市オープンデータ一覧,秋田市のオープンデータの一覧,excel,行財政,毎月更新,https://www.city.akita.lg.jp/opendata/1000081/1000082.html,CC BYに準拠。,2019-01-31,2023-08-21,
052019,0000000270,秋田県,秋田市,雄物川花火大会の風景,雄物川花火大会の風景,jpeg,画像,追加があった場合,https://www.city.akita.lg.jp/shisei/koho/1003658/1003007.html,CC BYに準拠。,2019-03-05,2019-03-05,
052019,0000000271,秋田県,秋田市,久保田城御隅櫓の風景,久保田城御隅櫓の風景,jpeg,画像,追加があった場合,https://www.city.akita.lg.jp/shisei/koho/1003658/1003011.html,CC BYに準拠。,2019-03-05,2019-03-05,
052019,0000000272,秋田県,秋田市,秋田竿燈まつり（夜）の風景,秋田竿燈まつり（夜）の風景,jpeg,画像,追加があった場合,https://www.city.akita.lg.jp/shisei/koho/1003658/1003009.html,CC BYに準拠。,2019-03-05,2019-03-05,
052019,0000000273,秋田県,秋田市,新屋大川端の風景,新屋大川端の風景,jpeg,画像,追加があった場合,https://www.city.akita.lg.jp/shisei/koho/1003658/1003005.html,CC BYに準拠。,2019-03-05,2019-03-05,
052019,0000000274,秋田県,秋田市,秋田竿燈まつり（昼）の風景,秋田竿燈まつり（昼）の風景,jpeg,画像,追加があった場合,https://www.city.akita.lg.jp/shisei/koho/1003658/1003010.html,CC BYに準拠。,2019-03-05,2019-03-05,
052019,0000000275,秋田県,秋田市,土崎港曳山まつりの風景,土崎港曳山まつりの風景,jpeg,画像,追加があった場合,https://www.city.akita.lg.jp/shisei/koho/1003658/1003012.html,CC BYに準拠。,2019-03-05,2019-03-05,
052019,0000000276,秋田県,秋田市,千秋公園の風景,千秋公園の風景,jpeg,画像,追加があった場合,https://www.city.akita.lg.jp/shisei/koho/1003658/1003013.html,CC BYに準拠。,2019-03-05,2019-03-05,
052019,0000000277,秋田県,秋田市,公園や自然の風景,公園や自然の風景,jpeg,画像,追加があった場合,https://www.city.akita.lg.jp/shisei/koho/1003658/1003015.html,CC BYに準拠。,2019-03-05,2019-03-05,
052019,0000000278,秋田県,秋田市,秋田城跡の風景,秋田城跡の風景,jpeg,画像,追加があった場合,https://www.city.akita.lg.jp/shisei/koho/1003658/1003004.html,CC BYに準拠。,2019-03-05,2019-03-05,
052019,0000000279,秋田県,秋田市,市の施設（観光名所）の風景,市の施設（観光名所）の風景,jpeg,画像,追加があった場合,https://www.city.akita.lg.jp/shisei/koho/1003658/1003016.html,CC BYに準拠。,2019-03-05,2022-01-20,
052019,0000000280,秋田県,秋田市,藤倉水源地の風景,藤倉水源地の風景,jpeg,画像,追加があった場合,https://www.city.akita.lg.jp/shisei/koho/1003658/1003008.html,CC BYに準拠。,2019-03-05,2019-03-05,
052019,0000000281,秋田県,秋田市,ライオン母子,平成30年9月に誕生したライオンの子どもと母親の写真,jpeg,画像,追加があった場合,https://www.city.akita.lg.jp/zoo/news/1008857/1018435.html,CC BYに準拠。,2019-03-13,2019-03-13,2019年6月から非公開
052019,0000000282,秋田県,秋田市,画像：シマフクロウ,釧路市動物園からやってきたシマフクロウの愛花（メス10歳）の写真,jpeg,画像,追加があった場合,https://www.city.akita.lg.jp/zoo/information/1003682/1005303/1019602.html,CC BYに準拠。,2019-04-01,2019-04-01,
052019,0000000283,秋田県,秋田市,旅館業法に基づく許可施設一覧,旅館業法に基づく許可施設一覧,excel,社会保障・衛生,変更があった場合,https://www.city.akita.lg.jp/kurashi/kenko/1005367/1012953/1020120.html,CC BYに準拠。,2019-04-16,2023-08-10,
052019,0000000284,秋田県,秋田市,赤ちゃん・動物情報画像,ツキノワグマ、ワオキツネザル、プレーリードックの写真,jpeg,画像,変更があった場合,https://www.city.akita.lg.jp/zoo/information/1003903.html,CC BYに準拠。,2019-05-10,2023-07-18,
052019,0000000285,秋田県,秋田市,大森山動物園のイヌワシ,イヌワシの写真,jpeg,画像,追加があった場合,https://www.city.akita.lg.jp/zoo/news/1008857/1020601.html,CC BYに準拠。,2019-05-13,2019-05-13,
052019,0000000286,秋田県,秋田市,薬事関係施設一覧,薬事関係の許可施設一覧,excel,社会保障・衛生,追加があった場合,https://www.city.akita.lg.jp/kurashi/kenko/1005375/1021003.html,CC BYに準拠。,2019-07-04,2023-07-06,
052019,0000000287,秋田県,秋田市,令和元年10月1日現在 秋田市年齢別・地区別人口,令和元年10月1日現在 秋田市年齢別・地区別人口,excel,人口・世帯,,https://www.city.akita.lg.jp/shisei/tokei/1003666/1003567.html,CC BYに準拠。,2019-12-27,2019-12-27,1年に1回最新の人口の公開を行う
052019,0000000288,秋田県,秋田市,秋田市人口世帯表 令和2年版,秋田市人口世帯表 令和2年版,excel,人口・世帯,毎月更新,https://www.city.akita.lg.jp/shisei/tokei/1003666/1003568.html,CC BYに準拠。,2020-01-15,2021-03-09,毎月1日現在の人口の公開を行う
052019,0000000289,秋田県,秋田市,ワタボウシタマリン,ワタボウシタマリンの写真,jpeg,画像,追加があった場合,https://www.city.akita.lg.jp/zoo/information/1003682/1005302/1003862.html,CC BYに準拠。,2020-01-31,2020-01-31,2022年3月から非公開
052019,0000000290,秋田県,秋田市,ライオン,ライオンの写真,jpeg,画像,追加があった場合,https://www.city.akita.lg.jp/zoo/information/1003682/1005302/1003842.html,CC BYに準拠。,2020-01-31,2020-01-31,
052019,0000000291,秋田県,秋田市,ポニー,ポニーの写真,jpeg,画像,追加があった場合,https://www.city.akita.lg.jp/zoo/information/1003682/1005305/1003889.html,CC BYに準拠。,2020-01-31,2020-01-31,
052019,0000000292,秋田県,秋田市,ボリビアリスザル,ボリビアリスザルの写真,jpeg,画像,追加があった場合,https://www.city.akita.lg.jp/zoo/information/1003682/1005302/1003853.html,CC BYに準拠。,2020-01-31,2020-01-31,
052019,0000000293,秋田県,秋田市,ニホンザル,ニホンザルの写真,jpeg,画像,追加があった場合,https://www.city.akita.lg.jp/zoo/information/1003682/1005302/1003854.html,CC BYに準拠。,2020-01-31,2020-01-31,
052019,0000000294,秋田県,秋田市,ニホンイヌワシ,ニホンイヌワシの写真,jpeg,画像,追加があった場合,https://www.city.akita.lg.jp/zoo/information/1003682/1005303/1003868.html,CC BYに準拠。,2020-01-31,2020-01-31,
052019,0000000295,秋田県,秋田市,トナカイ,トナカイの写真,jpeg,画像,追加があった場合,https://www.city.akita.lg.jp/zoo/information/1003682/1005302/1003858.html,CC BYに準拠。,2020-01-31,2020-01-31,
052019,0000000296,秋田県,秋田市,トキ,トキの写真,jpeg,画像,追加があった場合,https://www.city.akita.lg.jp/zoo/information/1003682/1005303/1003881.html,CC BYに準拠。,2020-01-31,2020-01-31,
052019,0000000297,秋田県,秋田市,ツキノワグマ,ツキノワグマの写真,jpeg,画像,追加があった場合,https://www.city.akita.lg.jp/zoo/information/1003682/1005302/1003859.html,CC BYに準拠。,2020-01-31,2020-01-31,
052019,0000000298,秋田県,秋田市,コモンマーモセット,コモンマーモセットの写真,jpeg,画像,追加があった場合,https://www.city.akita.lg.jp/zoo/information/1003682/1005302/1003844.html,CC BYに準拠。,2020-01-31,2020-01-31,
052019,0000000299,秋田県,秋田市,エリマキキツネザル,エリマキキツネザルの写真,jpeg,画像,追加があった場合,https://www.city.akita.lg.jp/zoo/information/1003682/1005302/1003833.html,CC BYに準拠。,2020-01-31,2020-05-17,
052019,0000000300,秋田県,秋田市,インドクジャク,インドクジャクの写真,jpeg,画像,追加があった場合,https://www.city.akita.lg.jp/zoo/information/1003682/1005303/1003870.html,CC BYに準拠。,2020-01-31,2020-01-31,
052019,0000000301,秋田県,秋田市,アライグマ,アライグマの写真,jpeg,画像,追加があった場合,https://www.city.akita.lg.jp/zoo/information/1003682/1005302/1003828.html,CC BYに準拠。,2020-01-31,2020-01-31,2021年3月から非公開
052019,0000000302,秋田県,秋田市,アムールトラ,アムールトラの写真,jpeg,画像,追加があった場合,https://www.city.akita.lg.jp/zoo/information/1003682/1005302/1003827.html,CC BYに準拠。,2020-01-31,2020-01-31,
052019,0000000303,秋田県,秋田市,アフリカタテガミヤマアラシ,アフリカタテガミヤマアラシの写真,jpeg,画像,追加があった場合,https://www.city.akita.lg.jp/zoo/information/1003682/1005302/1003822.html,CC BYに準拠。,2020-01-31,2020-01-31,
052019,0000000304,秋田県,秋田市,ラマ,ラマの写真,jpeg,画像,追加があった場合,https://www.city.akita.lg.jp/zoo/information/1003682/1005302/1003851.html,CC BYに準拠。,2020-02-01,2020-02-01,
052019,0000000305,秋田県,秋田市,マーコール,マーコールの写真,jpeg,画像,追加があった場合,https://www.city.akita.lg.jp/zoo/information/1003682/1005302/1003843.html,CC BYに準拠。,2020-02-02,2020-02-02,
052019,0000000306,秋田県,秋田市,シロフクロウ,シロフクロウの写真,jpeg,画像,追加があった場合,https://www.city.akita.lg.jp/zoo/information/1003682/1005303/1003878.html,CC BYに準拠。,2020-02-17,2020-02-17,
052019,0000000307,秋田県,秋田市,休校中において新規の受入れ可能な放課後児童クラブ,休校中において新規の受入れ可能な放課後児童クラブの状況,csv,教育・文化・スポーツ・生活,当面は毎日更新,https://www.city.akita.lg.jp/kurashi/kosodate/1005859/1021327.html,CC BYに準拠。,2020-03-07,2020-04-20,2020年5月15日からデータのみ非公開
052019,0000000308,秋田県,秋田市,【中央地区】指定緊急避難場所一覧,【中央地区】指定緊急避難場所一覧,excel,国土・気象,変更があった場合,https://www.city.akita.lg.jp/bosai-kinkyu/bosai/1002188/1021451/1033971.html,CC BYに準拠。,2020-03-17,2023-04-27,
052019,0000000309,秋田県,秋田市,【東部地区】指定緊急避難場所一覧,【東部地区】指定緊急避難場所一覧,excel,国土・気象,変更があった場合,https://www.city.akita.lg.jp/bosai-kinkyu/bosai/1002188/1021451/1033984.html,CC BYに準拠。,2020-03-17,2023-05-16,
052019,0000000310,秋田県,秋田市,【西部地区】指定緊急避難場所一覧,【西部地区】指定緊急避難場所一覧,excel,国土・気象,変更があった場合,https://www.city.akita.lg.jp/bosai-kinkyu/bosai/1002188/1021451/1033985.html,CC BYに準拠。,2020-03-17,2023-05-16,
052019,0000000311,秋田県,秋田市,【南部地区】指定緊急避難場所一覧,【南部地区】指定緊急避難場所一覧,excel,国土・気象,変更があった場合,https://www.city.akita.lg.jp/bosai-kinkyu/bosai/1002188/1021451/1033986.html,CC BYに準拠。,2020-03-17,2022-05-13,
052019,0000000312,秋田県,秋田市,【北部地区】指定緊急避難場所一覧,【北部地区】指定緊急避難場所一覧,excel,国土・気象,変更があった場合,https://www.city.akita.lg.jp/bosai-kinkyu/bosai/1002188/1021451/1033983.html,CC BYに準拠。,2020-03-17,2023-05-16,
052019,0000000313,秋田県,秋田市,【河辺地区】指定緊急避難場所一覧,【河辺地区】指定緊急避難場所一覧,excel,国土・気象,変更があった場合,https://www.city.akita.lg.jp/bosai-kinkyu/bosai/1002188/1021451/1033987.html,CC BYに準拠。,2020-03-17,2022-04-28,
052019,0000000314,秋田県,秋田市,【雄和地区】指定緊急避難場所一覧,【雄和地区】指定緊急避難場所一覧,excel,国土・気象,変更があった場合,https://www.city.akita.lg.jp/bosai-kinkyu/bosai/1002188/1021451/1033988.html,CC BYに準拠。,2020-03-17,2022-04-28,
052019,0000000315,秋田県,秋田市,予算書・事項別明細書,予算書・事項別明細書,pdf,行財政,1年に1回,https://www.city.akita.lg.jp/shisei/yosan-zaisei/1009189/1019558.html,CC BYに準拠。,2020-03-19,2023-03-22,
052019,0000000316,秋田県,秋田市,過去の選挙結果,過去の選挙結果,excel,行財政,更新があった場合,https://www.city.akita.lg.jp/kurashi/senkyo/1008169/1008283.html,CC BYに準拠。,2020-04-09,2022-09-16,
052019,0000000317,秋田県,秋田市,オンラインミーティング用バーチャル背景 ,オンラインミーティング用バーチャル背景 ,jpeg,画像,追加があった場合,https://www.city.akita.lg.jp/shisei/koho/1003658/1025487.html,CC BYに準拠。,2020-06-19,2021-10-06,
052019,0000000318,秋田県,秋田市,理容師法に基づく営業施設一覧,理容師法に基づく営業施設一覧,excel,社会保障・衛生,追加があった場合,https://www.city.akita.lg.jp/kurashi/kenko/1005367/1012953/1027245.html,CC BYに準拠。,2020-12-09,2023-08-10,
052019,0000000319,秋田県,秋田市,美容師法に基づく営業施設一覧,美容師法に基づく営業施設一覧,excel,社会保障・衛生,追加があった場合,https://www.city.akita.lg.jp/kurashi/kenko/1005367/1012953/1027245.html,CC BYに準拠。,2020-12-09,2023-08-10,
052019,0000000320,秋田県,秋田市,秋田市人口世帯表 令和3年版,秋田市人口世帯表 令和3年版,excel,人口・世帯,毎月更新,https://www.city.akita.lg.jp/shisei/tokei/1003666/1003568.html,CC BYに準拠。,2021-01-15,2021-12-13,毎月1日現在の人口の公開を行う
052019,0000000321,秋田県,秋田市,衛生検査所一覧,衛生検査所一覧,excel,社会保障・衛生,追加があった場合,https://www.city.akita.lg.jp/kurashi/kenko/1005375/1028996.html,CC BYに準拠。,2021-04-13,2021-04-13,
052019,0000000322,秋田県,秋田市,令和2年10月1日現在 秋田市年齢別・地区別人口,令和2年10月1日現在 秋田市年齢別・地区別人口,excel,人口・世帯,,https://www.city.akita.lg.jp/shisei/tokei/1003666/1003567.html,CC BYに準拠。,2019-12-27,2021-07-15,1年に1回最新の人口の公開を行う
052019,0000000323,秋田県,秋田市,[学校基本調査他] 幼保連携型認定こども園の概況,[学校基本調査他] 幼保連携型認定こども園の概況,excel,教育・文化・スポーツ・生活,1年に1回,https://www.city.akita.lg.jp/shisei/tokei/1003666/1003569.html,CC BYに準拠。,2021-04-16,2023-05-01,
052019,0000000324,秋田県,秋田市,決算書・事項別明細書（平成30年度から令和2年度）,決算書・事項別明細書（平成30年度から令和2年度）,excel,行財政,1年に1回,https://www.city.akita.lg.jp/shisei/yosan-zaisei/1016251/1022975.html,CC BYに準拠。,2021-10-08,2021-10-08,
052019,0000000325,秋田県,秋田市,秋田市人口世帯表 令和4年版,秋田市人口世帯表 令和4年版,excel,人口・世帯,毎月更新,https://www.city.akita.lg.jp/shisei/tokei/1003666/1003568.html,CC BYに準拠。,2022-01-13,2022-10-11,
052019,0000000326,秋田県,秋田市,令和2年国勢調査,令和2年国勢調査,excel,人口・世帯,次回調査は5年後,https://www.city.akita.lg.jp/shisei/tokei/1003666/1010369.html,CC BYに準拠。,2022-07-19,2022-07-19,
052019,0000000327,秋田県,秋田市,秋田駅西口駅前広場の風景,秋田駅西口駅前広場の風景,jpeg,画像,変更があった場合,https://www.city.akita.lg.jp/shisei/machizukuri/1011486/1011224/1017308.html,CC BYに準拠。,2022-09-02,2022-09-02,
052019,0000000328,秋田県,秋田市,秋田市民俗芸能伝承館・旧金子家住宅の施設画像,秋田市民俗芸能伝承館・旧金子家住宅の施設画像,jpeg,画像,変更があった場合,https://www.city.akita.lg.jp/kanko/kanrenshisetsu/1003644/1016115.html,CC BYに準拠。,2022-04-01,2023-06-13,
052019,0000000329,秋田県,秋田市,決算書・事項別明細書（令和3年度）,決算書・事項別明細書（令和3年度）,pdf,行財政,1年に1回,https://www.city.akita.lg.jp/shisei/yosan-zaisei/1016251/1035891.html,CC BYに準拠。,2022-10-08,2022-10-08,
052019,0000000330,秋田県,秋田市,予算決算委員会資料(消防本部) ,予算決算委員会資料(消防本部) ,pdf,行財政,変更があった場合,https://www.city.akita.lg.jp/shigikai/iinkai/1036153/1036154/1036374.html,CC BYに準拠。,2022-12-13,2022-12-13,
052019,0000000331,秋田県,秋田市,総務委員会資料（デジタル化推進本部）,総務委員会資料（デジタル化推進本部）,pdf,行財政,変更があった場合,https://www.city.akita.lg.jp/shigikai/iinkai/1036153/1036154/1036163.html,CC BYに準拠。,2022-12-14,2022-12-14,
052019,0000000332,秋田県,秋田市,総務委員会資料（総務部）,総務委員会資料（総務部）,pdf,行財政,変更があった場合,https://www.city.akita.lg.jp/shigikai/iinkai/1036153/1036154/1036157.html,CC BYに準拠。,2022-12-14,2022-12-14,
052019,0000000333,秋田県,秋田市,予算決算委員会資料（子ども未来部）,予算決算委員会資料（子ども未来部）,pdf,行財政,変更があった場合,https://www.city.akita.lg.jp/shigikai/iinkai/1036153/1036154/1036165.html,CC BYに準拠。,2022-12-14,2022-12-14,
052019,0000000334,秋田県,秋田市,厚生委員会資料（市民生活部）,厚生委員会資料（市民生活部）,pdf,行財政,変更があった場合,https://www.city.akita.lg.jp/shigikai/iinkai/1036153/1036154/1036164.html,CC BYに準拠。,2022-12-14,2022-12-14,
052019,0000000335,秋田県,秋田市,厚生委員会資料（子ども未来部）,厚生委員会資料（子ども未来部）,pdf,行財政,変更があった場合,https://www.city.akita.lg.jp/shigikai/iinkai/1036153/1036154/1036165.html,CC BYに準拠。,2022-12-14,2022-12-14,
052019,0000000336,秋田県,秋田市,厚生委員会資料（保健所）,厚生委員会資料（保健所）,pdf,行財政,変更があった場合,https://www.city.akita.lg.jp/shigikai/iinkai/1036153/1036154/1036375.html,CC BYに準拠。,2022-12-14,2022-12-14,
052019,0000000337,秋田県,秋田市,予算決算委員会資料（福祉保健部）,予算決算委員会資料（福祉保健部）,pdf,行財政,変更があった場合,https://www.city.akita.lg.jp/shigikai/iinkai/1036153/1036154/1036167.html,CC BYに準拠。,2022-12-14,2022-12-14,
052019,0000000338,秋田県,秋田市,予算決算委員会資料（市民生活部）,予算決算委員会資料（市民生活部）,pdf,行財政,変更があった場合,https://www.city.akita.lg.jp/shigikai/iinkai/1036153/1036154/1036164.html,CC BYに準拠。,2022-12-14,2022-12-14,
052019,0000000339,秋田県,秋田市,予算決算委員会資料（保健所）,予算決算委員会資料（保健所）,pdf,行財政,変更があった場合,https://www.city.akita.lg.jp/shigikai/iinkai/1036153/1036154/1036375.html,CC BYに準拠。,2022-12-14,2022-12-14,
052019,0000000340,秋田県,秋田市,厚生委員会資料（福祉保健部）,厚生委員会資料（福祉保健部）,pdf,行財政,変更があった場合,https://www.city.akita.lg.jp/shigikai/iinkai/1036153/1036154/1036167.html,CC BYに準拠。,2022-12-14,2022-12-14,
052019,0000000341,秋田県,秋田市,総務委員会資料（企画財政部）,総務委員会資料（企画財政部）,pdf,行財政,変更があった場合,https://www.city.akita.lg.jp/shigikai/iinkai/1036153/1036154/1036156.html,CC BYに準拠。,2022-12-14,2022-12-14,
052019,0000000342,秋田県,秋田市,建設委員会資料（上下水道局）,建設委員会資料（上下水道局）,pdf,行財政,変更があった場合,https://www.city.akita.lg.jp/shigikai/iinkai/1036153/1036154/1036370.html,CC BYに準拠。,2022-12-15,2022-12-15,
052019,0000000343,秋田県,秋田市,教育産業委員会資料（教育委員会）,教育産業委員会資料（教育委員会）,pdf,行財政,変更があった場合,https://www.city.akita.lg.jp/shigikai/iinkai/1036153/1036154/1036169.html,CC BYに準拠。,2022-12-15,2022-12-15,
052019,0000000344,秋田県,秋田市,建設委員会資料（建設部）,建設委員会資料（建設部）,pdf,行財政,変更があった場合,https://www.city.akita.lg.jp/shigikai/iinkai/1036153/1036154/1036368.html,CC BYに準拠。,2022-12-15,2022-12-15,
052019,0000000345,秋田県,秋田市,予算決算委員会資料（教育委員会）,予算決算委員会資料（教育委員会）,pdf,行財政,変更があった場合,https://www.city.akita.lg.jp/shigikai/iinkai/1036153/1036154/1036169.html,CC BYに準拠。,2022-12-15,2022-12-15,
052019,0000000346,秋田県,秋田市,教育産業委員会資料（観光文化スポーツ部）,教育産業委員会資料（観光文化スポーツ部）,pdf,行財政,変更があった場合,https://www.city.akita.lg.jp/shigikai/iinkai/1036153/1036154/1036372.html,CC BYに準拠。,2022-12-15,2022-12-15,
052019,0000000347,秋田県,秋田市,予算決算委員会資料（産業振興部）,予算決算委員会資料（産業振興部）,pdf,行財政,変更があった場合,https://www.city.akita.lg.jp/shigikai/iinkai/1036153/1036154/1036168.html,CC BYに準拠。,2022-12-15,2022-12-15,
052019,0000000348,秋田県,秋田市,建設委員会資料（環境部）,建設委員会資料（環境部）,pdf,行財政,変更があった場合,https://www.city.akita.lg.jp/shigikai/iinkai/1036153/1036154/1036371.html,CC BYに準拠。,2022-12-15,2022-12-15,
052019,0000000349,秋田県,秋田市,建設委員会資料（都市整備部）,建設委員会資料（都市整備部）,pdf,行財政,変更があった場合,https://www.city.akita.lg.jp/shigikai/iinkai/1036153/1036154/1036170.html,CC BYに準拠。,2022-12-15,2022-12-15,
052019,0000000350,秋田県,秋田市,予算決算委員会資料（建設部）,予算決算委員会資料（建設部）,pdf,行財政,変更があった場合,https://www.city.akita.lg.jp/shigikai/iinkai/1036153/1036154/1036368.html,CC BYに準拠。,2022-12-15,2022-12-15,
052019,0000000351,秋田県,秋田市,予算決算委員会資料（上下水道局）,予算決算委員会資料（上下水道局）,pdf,行財政,変更があった場合,https://www.city.akita.lg.jp/shigikai/iinkai/1036153/1036154/1036370.html,CC BYに準拠。,2022-12-15,2022-12-15,
052019,0000000352,秋田県,秋田市,教育産業委員会資料（産業振興部）,教育産業委員会資料（産業振興部）,pdf,行財政,変更があった場合,https://www.city.akita.lg.jp/shigikai/iinkai/1036153/1036154/1036168.html,CC BYに準拠。,2022-12-15,2022-12-15,
052019,0000000353,秋田県,秋田市,予算決算委員会資料（観光文化スポーツ部）,予算決算委員会資料（観光文化スポーツ部）,pdf,行財政,変更があった場合,https://www.city.akita.lg.jp/shigikai/iinkai/1036153/1036154/1036372.html,CC BYに準拠。,2022-12-15,2022-12-15,
052019,0000000354,秋田県,秋田市,令和4年11月定例会　議案などに対する議員の表決状況,令和4年11月定例会　議案などに対する議員の表決状況,excel,行財政,変更があった場合,https://www.city.akita.lg.jp/shigikai/nittei/1032845/1036218/1036223.html,CC BYに準拠。,2022-12-22,2022-12-22,
052019,0000000355,秋田県,秋田市,教育産業委員会資料（産業振興部）,教育産業委員会資料（産業振興部）,pdf,行財政,変更があった場合,https://www.city.akita.lg.jp/shigikai/iinkai/1036153/1037045/1037060.html,CC BYに準拠。,2023-02-07,2023-02-07,
052019,0000000356,秋田県,秋田市,閉会中総務委員会資料（企画財政部）,閉会中総務委員会資料（企画財政部）令和5年2月7日,pdf,行財政,変更があった場合,https://www.city.akita.lg.jp/shigikai/iinkai/1036153/1037067/1037072.html,CC BYに準拠。,2023-02-08,2023-02-08,
052019,0000000357,秋田県,秋田市,秋田市人口世帯表 令和5年版,秋田市人口世帯表 令和5年版,excel,人口・世帯,毎月更新,https://www.city.akita.lg.jp/shisei/tokei/1003666/1003568.html,CC BYに準拠。,2023-02-09,2023-08-02,
052019,0000000358,秋田県,秋田市,令和4年10月1日現在 秋田市年齢別・地区別人口,令和4年10月1日現在 秋田市年齢別・地区別人口,excel,人口・世帯,変更があった場合,https://www.city.akita.lg.jp/shisei/tokei/1003666/1003567.html,CC BYに準拠。,2023-01-11,2023-01-11,1年に1回最新の人口の公開を行う
052019,0000000359,秋田県,秋田市,予算決算委員会資料(消防本部)令和5年3月9日,予算決算委員会資料(消防本部)令和5年3月9日,pdf,行財政,変更があった場合,https://www.city.akita.lg.jp/shigikai/iinkai/1036153/1036412/1036419.html,CC BYに準拠。,2023-03-10,2023-03-10,
052019,0000000360,秋田県,秋田市,教育産業委員会資料（教育委員会）,教育産業委員会資料（教育委員会）令和5年3月10日,pdf,行財政,変更があった場合,https://www.city.akita.lg.jp/shigikai/iinkai/1036153/1036412/1036428.html,CC BYに準拠。,2023-03-11,2023-03-11,
052019,0000000361,秋田県,秋田市,予算決算委員会資料（教育委員会）,予算決算委員会資料（教育委員会）令和5年2月28日・令和5年3月9日,pdf,行財政,変更があった場合,https://www.city.akita.lg.jp/shigikai/iinkai/1036153/1036412/1036428.html,CC BYに準拠。,2023-03-11,2023-03-11,
052019,0000000362,秋田県,秋田市,予算決算委員会資料（上下水道局）,予算決算委員会資料（上下水道局）令和5年3月9日,pdf,行財政,変更があった場合,https://www.city.akita.lg.jp/shigikai/iinkai/1036153/1036412/1036433.html,CC BYに準拠。,2023-03-11,2023-03-11,
052019,0000000363,秋田県,秋田市,予算決算委員会資料（観光文化スポーツ部）,予算決算委員会資料（観光文化スポーツ部）令和5年2月28日・令和5年3月10日,pdf,行財政,変更があった場合,https://www.city.akita.lg.jp/shigikai/iinkai/1036153/1036412/1036426.html,CC BYに準拠。,2023-03-11,2023-03-11,
052019,0000000364,秋田県,秋田市,建設委員会資料（上下水道局）,建設委員会資料（上下水道局）令和5年3月10日,pdf,行財政,変更があった場合,https://www.city.akita.lg.jp/shigikai/iinkai/1036153/1036412/1036433.html,CC BYに準拠。,2023-03-11,2023-03-11,
052019,0000000365,秋田県,秋田市,予算決算委員会資料（デジタル化推進本部）,予算決算委員会資料（デジタル化推進本部）令和5年3月9日,pdf,行財政,変更があった場合,https://www.city.akita.lg.jp/shigikai/iinkai/1036153/1036412/1036415.html,CC BYに準拠。,2023-03-14,2023-03-14,
052019,0000000366,秋田県,秋田市,予算決算委員会資料（総務部）,予算決算委員会資料（総務部）令和5年3月9日,pdf,行財政,変更があった場合,https://www.city.akita.lg.jp/shigikai/iinkai/1036153/1036412/1036416.html,CC BYに準拠。,2023-03-14,2023-03-14,
052019,0000000367,秋田県,秋田市,予算決算委員会資料（福祉保健部）,予算決算委員会資料（福祉保健部）令和5年2月28日,pdf,行財政,変更があった場合,https://www.city.akita.lg.jp/shigikai/iinkai/1036153/1036412/1036422.html,CC BYに準拠。,2023-03-14,2023-03-14,
052019,0000000368,秋田県,秋田市,総務委員会資料（デジタル化推進本部）,総務委員会資料（デジタル化推進本部）令和5年3月13日,pdf,行財政,変更があった場合,https://www.city.akita.lg.jp/shigikai/iinkai/1036153/1036412/1036415.html,CC BYに準拠。,2023-03-14,2023-03-14,
052019,0000000369,秋田県,秋田市,厚生委員会資料（保健所）,厚生委員会資料（保健所）令和5年3月13日,pdf,行財政,変更があった場合,https://www.city.akita.lg.jp/shigikai/iinkai/1036153/1036412/1036423.html,CC BYに準拠。,2023-03-14,2023-03-14,
052019,0000000370,秋田県,秋田市,厚生委員会資料（福祉保健部）,厚生決算委員会資料（福祉保健部）令和5年3月13日,pdf,行財政,変更があった場合,https://www.city.akita.lg.jp/shigikai/iinkai/1036153/1036412/1036422.html,CC BYに準拠。,2023-03-14,2023-03-14,
052019,0000000371,秋田県,秋田市,総務委員会資料（総務部）,総務委員会資料（総務部）令和5年3月13日,pdf,行財政,変更があった場合,https://www.city.akita.lg.jp/shigikai/iinkai/1036153/1036412/1036416.html,CC BYに準拠。,2023-03-14,2023-03-14,
052019,0000000372,秋田県,秋田市,予算決算委員会資料（保健所）,予算決算委員会資料（保健所）令和5年3月9日,pdf,行財政,変更があった場合,https://www.city.akita.lg.jp/shigikai/iinkai/1036153/1036412/1036423.html,CC BYに準拠。,2023-03-14,2023-03-14,
052019,0000000373,秋田県,秋田市,予算決算委員会資料（市民生活部）,予算決算委員会資料（市民生活部）令和5年3月9日,pdf,行財政,変更があった場合,https://www.city.akita.lg.jp/shigikai/iinkai/1036153/1036412/1036421.html,CC BYに準拠。,2023-03-14,2023-03-14,
052019,0000000374,秋田県,秋田市,厚生委員会資料（市民生活部）,厚生委員会資料（市民生活部）令和5年3月13日,pdf,行財政,変更があった場合,https://www.city.akita.lg.jp/shigikai/iinkai/1036153/1036412/1036421.html,CC BYに準拠。,2023-03-14,2023-03-14,
052019,0000000375,秋田県,秋田市,建設委員会資料（建設部）,建設委員会資料（建設部）令和5年3月10日,pdf,行財政,変更があった場合,https://www.city.akita.lg.jp/shigikai/iinkai/1036153/1036412/1036431.html,CC BYに準拠。,2023-03-14,2023-03-14,
052019,0000000376,秋田県,秋田市,予算決算委員会資料（建設部）,予算決算委員会資料（建設部）令和5年2月28日・令和5年3月9日,pdf,行財政,変更があった場合,https://www.city.akita.lg.jp/shigikai/iinkai/1036153/1036412/1036431.html,CC BYに準拠。,2023-03-14,2023-03-14,
052019,0000000377,秋田県,秋田市,建設委員会資料（都市整備部）,予算決算委員会資料（都市整備部）令和5年2月28日・令和5年3月9日,pdf,行財政,変更があった場合,https://www.city.akita.lg.jp/shigikai/iinkai/1036153/1036412/1036432.html,CC BYに準拠。,2023-03-15,2023-03-15,
052019,0000000378,秋田県,秋田市,予算決算委員会資料（環境部）,予算決算委員会資料（環境部）令和5年3月9日,pdf,行財政,変更があった場合,https://www.city.akita.lg.jp/shigikai/iinkai/1036153/1036412/1036430.html,CC BYに準拠。,2023-03-15,2023-03-15,
052019,0000000379,秋田県,秋田市,総務委員会資料（企画財政部）,総務委員会（企画財政部）令和5年3月13日,pdf,行財政,変更があった場合,https://www.city.akita.lg.jp/shigikai/iinkai/1036153/1036412/1036417.html,CC BYに準拠。,2023-03-16,2023-03-16,
052019,0000000380,秋田県,秋田市,予算決算委員会資料（子ども未来部）,予算決算委員会資料（子ども未来部）令和5年2月28日・令和5年3月9日,pdf,行財政,変更があった場合,https://www.city.akita.lg.jp/shigikai/iinkai/1036153/1036412/1036424.html,CC BYに準拠。,2023-03-16,2023-03-16,
052019,0000000381,秋田県,秋田市,予算決算委員会資料（企画財政部）,予算決算委員会資料（企画財政部）令和5年3月9日,pdf,行財政,変更があった場合,https://www.city.akita.lg.jp/shigikai/iinkai/1036153/1036412/1036417.html,CC BYに準拠。,2023-03-16,2023-03-16,
052019,0000000382,秋田県,秋田市,厚生委員会資料（子ども未来部）,厚生委員会資料（子ども未来部）令和5年3月15日,pdf,行財政,変更があった場合,https://www.city.akita.lg.jp/shigikai/iinkai/1036153/1036412/1036424.html,CC BYに準拠。,2023-03-16,2023-03-16,
052019,0000000383,秋田県,秋田市,予算決算委員会資料（産業振興部）,予算決算委員会資料（産業振興部）令和5年2月28日・令和5年3月9日,pdf,行財政,変更があった場合,https://www.city.akita.lg.jp/shigikai/iinkai/1036153/1036412/1036427.html,CC BYに準拠。,2023-03-17,2023-03-17,
052019,0000000384,秋田県,秋田市,教育産業委員会資料（産業振興部）,教育産業委員会資料（産業振興部）令和5年3月14日,pdf,行財政,変更があった場合,https://www.city.akita.lg.jp/shigikai/iinkai/1036153/1036412/1036427.html,CC BYに準拠。,2023-03-17,2023-03-17,
052019,0000000385,秋田県,秋田市,令和5年2月定例会　議案などに対する議員の表決状況,令和5年2月定例会　議案などに対する議員の表決状況,excel,行財政,変更があった場合,https://www.city.akita.lg.jp/shigikai/nittei/1036226/1037105/1037110.html,CC BYに準拠。,2023-03-22,2023-03-22,
052019,0000000386,秋田県,秋田市,予算決算委員会資料（教育委員会）,予算決算委員会資料（教育委員会）令和5年5月23日,pdf,行財政,変更があった場合,https://www.city.akita.lg.jp/shigikai/iinkai/1036153/1038681/1038697.html,CC BYに準拠。,2023-05-25,2023-05-25,
052019,0000000387,秋田県,秋田市,令和5年2月定例会　議案などに対する議員の表決状況,令和5年5月定例会　議案などに対する議員の表決状況,excel,行財政,変更があった場合,https://www.city.akita.lg.jp/shigikai/nittei/1036226/1038543/1038547.html,CC BYに準拠。,2023-05-24,2023-05-24,
052019,0000000388,秋田県,秋田市,予算決算委員会資料（子ども未来部）,予算決算委員会資料（子ども未来部）令和5年5月23日,pdf,行財政,変更があった場合,https://www.city.akita.lg.jp/shigikai/iinkai/1036153/1038681/1038693.html,CC BYに準拠。,2023-05-24,2023-05-24,
052019,0000000389,秋田県,秋田市,予算決算委員会資料（福祉保健部）,予算決算委員会資料（福祉保健部）令和5年5月23日,pdf,行財政,変更があった場合,https://www.city.akita.lg.jp/shigikai/iinkai/1036153/1038681/1038691.html,CC BYに準拠。,2023-05-24,2023-05-24,
052019,0000000390,秋田県,秋田市,厚生委員会資料（市民生活部）,厚生委員会資料（市民生活部）令和5年5月24日,pdf,行財政,変更があった場合,https://www.city.akita.lg.jp/shigikai/iinkai/1036153/1038681/1038690.html,CC BYに準拠。,2023-05-24,2023-05-24,
052019,0000000391,秋田県,秋田市,教育産業委員会資料（産業振興部）,教育産業委員会資料（産業振興部）令和5年6月23日,pdf,行財政,変更があった場合,https://www.city.akita.lg.jp/shigikai/iinkai/1036153/1037023/1037038.html,CC BYに準拠。,2023-06-23,2023-06-23,
052019,0000000392,秋田県,秋田市,予算決算委員会資料（産業振興部）,予算決算委員会資料（産業振興部）令和5年6月22日,pdf,行財政,変更があった場合,https://www.city.akita.lg.jp/shigikai/iinkai/1036153/1037023/1037038.html,CC BYに準拠。,2023-06-23,2023-06-23,
052019,0000000393,秋田県,秋田市,予算決算委員会資料（環境部）,予算決算委員会資料（環境部）令和5年6月22日,pdf,行財政,変更があった場合,https://www.city.akita.lg.jp/shigikai/iinkai/1036153/1037023/1037041.html,CC BYに準拠。,2023-06-23,2023-06-23,
052019,0000000394,秋田県,秋田市,教育産業委員会資料（教育委員会）,教育産業委員会資料（教育委員会）令和5年6月23日,pdf,行財政,変更があった場合,https://www.city.akita.lg.jp/shigikai/iinkai/1036153/1037023/1037039.html,CC BYに準拠。,2023-06-24,2023-06-24,
052019,0000000395,秋田県,秋田市,総務委員会資料（総務部）,総務委員会資料（総務部）令和5年6月23日,pdf,行財政,変更があった場合,https://www.city.akita.lg.jp/shigikai/iinkai/1036153/1037023/1037027.html,CC BYに準拠。,2023-06-24,2023-06-24,
052019,0000000396,秋田県,秋田市,総務委員会資料（デジタル化推進本部）,総務委員会資料（デジタル化推進本部）令和5年6月23日,pdf,行財政,変更があった場合,https://www.city.akita.lg.jp/shigikai/iinkai/1036153/1037023/1037026.html,CC BYに準拠。,2023-06-24,2023-06-24,
052019,0000000397,秋田県,秋田市,予算決算委員会資料（教育委員会）,予算決算委員会資料（教育委員会）令和5年6月22日,pdf,行財政,変更があった場合,https://www.city.akita.lg.jp/shigikai/iinkai/1036153/1037023/1037038.html,CC BYに準拠。,2023-06-24,2023-06-24,
052019,0000000398,秋田県,秋田市,教育産業委員会資料（観光文化スポーツ部）,教育産業委員会資料（観光文化スポーツ部）令和5年6月23日,pdf,行財政,変更があった場合,https://www.city.akita.lg.jp/shigikai/iinkai/1036153/1037023/1037037.html,CC BYに準拠。,2023-06-24,2023-06-24,
052019,0000000399,秋田県,秋田市,総務委員会資料（企画財政部）,総務委員会（企画財政部）令和5年6月23日,pdf,行財政,変更があった場合,https://www.city.akita.lg.jp/shigikai/iinkai/1036153/1037023/1037028.html,CC BYに準拠。,2023-06-26,2023-06-26,
052019,0000000400,秋田県,秋田市,予算決算委員会資料（企画財政部）,予算決算委員会資料（企画財政部）令和5年6月22日,pdf,行財政,変更があった場合,https://www.city.akita.lg.jp/shigikai/iinkai/1036153/1037023/1037028.html,CC BYに準拠。,2023-06-26,2023-06-26,
052019,0000000401,秋田県,秋田市,総務委員会資料（企画財政部）,総務委員会（企画財政部）令和5年5月23日,pdf,行財政,変更があった場合,https://www.city.akita.lg.jp/shigikai/iinkai/1036153/1038681/1038686.html,CC BYに準拠。,2023-06-26,2023-06-26,
052019,0000000402,秋田県,秋田市,予算決算委員会資料（建設部）,予算決算委員会資料（建設部）令和5年6月22日,pdf,行財政,変更があった場合,https://www.city.akita.lg.jp/shigikai/iinkai/1036153/1037023/1037042.html,CC BYに準拠。,2023-06-27,2023-06-27,
052019,0000000403,秋田県,秋田市,建設委員会資料（建設部）,建設委員会資料（建設部）令和5年6月26日,pdf,行財政,変更があった場合,https://www.city.akita.lg.jp/shigikai/iinkai/1036153/1037023/1037042.html,CC BYに準拠。,2023-06-27,2023-06-27,
052019,0000000404,秋田県,秋田市,厚生委員会資料（保健所）,厚生委員会資料（保健所）令和5年6月26日,pdf,行財政,変更があった場合,https://www.city.akita.lg.jp/shigikai/iinkai/1036153/1037023/1037034.html,CC BYに準拠。,2023-06-27,2023-06-27,
052019,0000000405,秋田県,秋田市,厚生委員会資料（市民生活部）,厚生委員会資料（市民生活部）令和5年6月26日,pdf,行財政,変更があった場合,https://www.city.akita.lg.jp/shigikai/iinkai/1036153/1037023/1037032.html,CC BYに準拠。,2023-06-27,2023-06-27,
052019,0000000406,秋田県,秋田市,予算決算委員会資料（子ども未来部）,予算決算委員会資料（子ども未来部）令和5年6月22日,pdf,行財政,変更があった場合,https://www.city.akita.lg.jp/shigikai/iinkai/1036153/1037023/1037035.html,CC BYに準拠。,2023-06-27,2023-06-27,
052019,0000000407,秋田県,秋田市,厚生委員会資料（子ども未来部）,厚生委員会資料（子ども未来部）令和5年6月26日,pdf,行財政,変更があった場合,https://www.city.akita.lg.jp/shigikai/iinkai/1036153/1037023/1037035.html,CC BYに準拠。,2023-06-27,2023-06-27,
052019,0000000408,秋田県,秋田市,建設委員会資料（都市整備部）,予算決算委員会資料（都市整備部）令和5年6月26日,pdf,行財政,変更があった場合,https://www.city.akita.lg.jp/shigikai/iinkai/1036153/1037023/1037043.html,CC BYに準拠。,2023-06-27,2023-06-27,
052019,0000000409,秋田県,秋田市,建設委員会資料（都市整備部）,予算決算委員会資料（都市整備部）秋田市都市計画道路見直し基本方針（案）令和5年6月26日,pdf,行財政,変更があった場合,https://www.city.akita.lg.jp/shigikai/iinkai/1036153/1037023/1037043.html,CC BYに準拠。,2023-06-27,2023-06-27,
052019,0000000410,秋田県,秋田市,建設委員会資料（都市整備部）,予算決算委員会資料（都市整備部）秋田市都市計画道路見直し基本方針（案）【資料編】令和5年6月26日,pdf,行財政,変更があった場合,https://www.city.akita.lg.jp/shigikai/iinkai/1036153/1037023/1037043.html,CC BYに準拠。,2023-06-27,2023-06-27,
052019,0000000411,秋田県,秋田市,建設委員会資料（上下水道局）,建設委員会資料（上下水道局）令和5年6月26日,pdf,行財政,変更があった場合,https://www.city.akita.lg.jp/shigikai/iinkai/1036153/1037023/1037044.html,CC BYに準拠。,2023-06-27,2023-06-27,
052019,0000000412,秋田県,秋田市,予算決算委員会資料（福祉保健部）,予算決算委員会資料（福祉保健部）令和5年6月22日,pdf,行財政,変更があった場合,https://www.city.akita.lg.jp/shigikai/iinkai/1036153/1037023/1037033.html,CC BYに準拠。,2023-06-27,2023-06-27,
052019,0000000413,秋田県,秋田市,厚生委員会資料（福祉保健部）,厚生決算委員会資料（福祉保健部）令和5年6月26日,pdf,行財政,変更があった場合,https://www.city.akita.lg.jp/shigikai/iinkai/1036153/1037023/1037033.html,CC BYに準拠。,2023-06-27,2023-06-27,
052019,0000000414,秋田県,秋田市,令和5年6月定例会　議案などに対する議員の表決状況,令和5年6月定例会　議案などに対する議員の表決状況,excel,行財政,変更があった場合,https://www.city.akita.lg.jp/shigikai/nittei/1036226/1038826/1038831.html,CC BYに準拠。,2023-07-03,2023-07-03,
052019,0000000415,秋田県,秋田市,総務委員会資料（消防本部）,総務委員会資料（消防本部）令和5年6月23日,pdf,行財政,変更があった場合,https://www.city.akita.lg.jp/shigikai/iinkai/1036153/1036412/1036417.html,CC BYに準拠。,2023-07-11,2023-07-11,
,,,,,,,,,,,,,
,,,,,,,,,,,,,
,,,,,,,,,,,,,
,,,,,,,,,,,,,
,,,,,,,,,,,,,
