市町村コード,都道府県名,市町村名,年度,特別会計区分,歳入決算額（千円）,歳出決算額（千円）,
052124,秋田県,大仙市,2005(平成17),国民健康保険事業（事業勘定）,8867142,8696225,
052124,秋田県,大仙市,2005(平成17),国民健康保険事業（診療所勘定）,196939,167937,
052124,秋田県,大仙市,2005(平成17),国民健康保険事業（歯科診療所勘定）,61338,61338,
052124,秋田県,大仙市,2005(平成17),老人保健,10612801,10761714,
052124,秋田県,大仙市,2005(平成17),後期高齢者医療,0,0,
052124,秋田県,大仙市,2005(平成17),土地取得,18847,18847,
052124,秋田県,大仙市,2005(平成17),土地区画整理事業,2263593,2241623,
052124,秋田県,大仙市,2005(平成17),学校給食事業,1183801,1183757,
052124,秋田県,大仙市,2005(平成17),奨学資金,40252,39860,
052124,秋田県,大仙市,2005(平成17),宅地造成事業,312789,312789,
052124,秋田県,大仙市,2005(平成17),企業団地整備事業,0,0,
052124,秋田県,大仙市,2005(平成17),簡易水道事業,1886207,1884124,※29年度より法適用に移行
052124,秋田県,大仙市,2005(平成17),公共下水道事業,2429716,2429624,※30年度より法適用に移行
052124,秋田県,大仙市,2005(平成17),特定環境保全公共下水道事業,450945,450054,※30年度より法適用に移行
052124,秋田県,大仙市,2005(平成17),特定地域生活排水処理事業,69855,62134,※30年度より法適用に移行
052124,秋田県,大仙市,2005(平成17),農業集落排水事業,2714914,2714802,※30年度より法適用に移行
052124,秋田県,大仙市,2005(平成17),介護老人福祉施設介護サービス事業,1136743,1136623,
052124,秋田県,大仙市,2005(平成17),介護老人保健施設介護サービス事業,834709,834637,
052124,秋田県,大仙市,2005(平成17),老人デイサービス事業,205552,205545,
052124,秋田県,大仙市,2005(平成17),スキー場事業,59552,59552,
052124,秋田県,大仙市,2005(平成17),太陽光発電事業,-,-,
052124,秋田県,大仙市,2005(平成17),小水力発電事業,-,-,
052124,秋田県,大仙市,2005(平成17),内小友財産区,1596,471,
052124,秋田県,大仙市,2005(平成17),大川西根財産区,8730,277,
052124,秋田県,大仙市,2005(平成17),大沢郷財産区,10369,9356,
052124,秋田県,大仙市,2005(平成17),荒川財産区,2717,1540,
052124,秋田県,大仙市,2005(平成17),峰吉川財産区,13848,12814,
052124,秋田県,大仙市,2005(平成17),船岡財産区,1527,1094,
052124,秋田県,大仙市,2005(平成17),淀川財産区,3720,2346,
052124,秋田県,大仙市,2006(平成18）,国民健康保険事業（事業勘定）,9290883,9214777,
052124,秋田県,大仙市,2006(平成18）,国民健康保険事業（診療所勘定）,179739,157042,
052124,秋田県,大仙市,2006(平成18）,国民健康保険事業（歯科診療所勘定）,56924,56924,
052124,秋田県,大仙市,2006(平成18）,老人保健,10439032,10390429,
052124,秋田県,大仙市,2006(平成18）,後期高齢者医療,0,0,
052124,秋田県,大仙市,2006(平成18）,土地取得,18282,18282,
052124,秋田県,大仙市,2006(平成18）,土地区画整理事業,3338805,3331112,
052124,秋田県,大仙市,2006(平成18）,学校給食事業,2203586,2203201,
052124,秋田県,大仙市,2006(平成18）,奨学資金,42945,42945,
052124,秋田県,大仙市,2006(平成18）,宅地造成事業,253418,253418,
052124,秋田県,大仙市,2006(平成18）,企業団地整備事業,0,0,
052124,秋田県,大仙市,2006(平成18）,簡易水道事業,1651249,1651000,
052124,秋田県,大仙市,2006(平成18）,公共下水道事業,2280079,2279996,
052124,秋田県,大仙市,2006(平成18）,特定環境保全公共下水道事業,707022,704587,
052124,秋田県,大仙市,2006(平成18）,特定地域生活排水処理事業,55104,55098,
052124,秋田県,大仙市,2006(平成18）,農業集落排水事業,3145846,3145689,
052124,秋田県,大仙市,2006(平成18）,介護老人福祉施設介護サービス事業,1105116,1105058,
052124,秋田県,大仙市,2006(平成18）,介護老人保健施設介護サービス事業,840789,840789,
052124,秋田県,大仙市,2006(平成18）,老人デイサービス事業,212345,212341,
052124,秋田県,大仙市,2006(平成18）,スキー場事業,48690,48690,
052124,秋田県,大仙市,2006(平成18）,太陽光発電事業,-,-,
052124,秋田県,大仙市,2006(平成18）,小水力発電事業,-,-,
052124,秋田県,大仙市,2006(平成18）,内小友財産区,1166,524,
052124,秋田県,大仙市,2006(平成18）,大川西根財産区,8641,406,
052124,秋田県,大仙市,2006(平成18）,大沢郷財産区,1095,125,
052124,秋田県,大仙市,2006(平成18）,荒川財産区,2609,1952,
052124,秋田県,大仙市,2006(平成18）,峰吉川財産区,2134,1455,
052124,秋田県,大仙市,2006(平成18）,船岡財産区,2243,1781,
052124,秋田県,大仙市,2006(平成18）,淀川財産区,38386,37813,
052124,秋田県,大仙市,2007(平成19）,国民健康保険事業（事業勘定）,10017502,9952337,
052124,秋田県,大仙市,2007(平成19）,国民健康保険事業（診療所勘定）,161217,142280,
052124,秋田県,大仙市,2007(平成19）,国民健康保険事業（歯科診療所勘定）,56868,56868,
052124,秋田県,大仙市,2007(平成19）,老人保健,10085847,10135025,
052124,秋田県,大仙市,2007(平成19）,後期高齢者医療,0,0,
052124,秋田県,大仙市,2007(平成19）,土地取得,17722,17722,
052124,秋田県,大仙市,2007(平成19）,土地区画整理事業,2438433,2417434,
052124,秋田県,大仙市,2007(平成19）,学校給食事業,953481,953271,
052124,秋田県,大仙市,2007(平成19）,奨学資金,36077,36077,
052124,秋田県,大仙市,2007(平成19）,宅地造成事業,281976,281976,
052124,秋田県,大仙市,2007(平成19）,企業団地整備事業,0,0,
052124,秋田県,大仙市,2007(平成19）,簡易水道事業,2577300,2577069,
052124,秋田県,大仙市,2007(平成19）,公共下水道事業,2100727,2100572,
052124,秋田県,大仙市,2007(平成19）,特定環境保全公共下水道事業,714119,711445,
052124,秋田県,大仙市,2007(平成19）,特定地域生活排水処理事業,47452,47422,
052124,秋田県,大仙市,2007(平成19）,農業集落排水事業,2713426,2713256,
052124,秋田県,大仙市,2007(平成19）,介護老人福祉施設介護サービス事業,1092888,1092888,
052124,秋田県,大仙市,2007(平成19）,介護老人保健施設介護サービス事業,836444,836444,
052124,秋田県,大仙市,2007(平成19）,老人デイサービス事業,228512,228512,
052124,秋田県,大仙市,2007(平成19）,スキー場事業,51704,51704,
052124,秋田県,大仙市,2007(平成19）,太陽光発電事業,-,-,
052124,秋田県,大仙市,2007(平成19）,小水力発電事業,0,0,
052124,秋田県,大仙市,2007(平成19）,内小友財産区,860,417,
052124,秋田県,大仙市,2007(平成19）,大川西根財産区,8774,255,
052124,秋田県,大仙市,2007(平成19）,大沢郷財産区,993,993,
052124,秋田県,大仙市,2007(平成19）,荒川財産区,5718,4404,
052124,秋田県,大仙市,2007(平成19）,峰吉川財産区,4675,3640,
052124,秋田県,大仙市,2007(平成19）,船岡財産区,3233,2748,
052124,秋田県,大仙市,2007(平成19）,淀川財産区,4529,3688,
052124,秋田県,大仙市,2008(平成20）,国民健康保険事業（事業勘定）,10048611,9799095,
052124,秋田県,大仙市,2008(平成20）,国民健康保険事業（診療所勘定）,155763,144309,
052124,秋田県,大仙市,2008(平成20）,国民健康保険事業（歯科診療所勘定）,56593,56593,
052124,秋田県,大仙市,2008(平成20）,老人保健,998575,970446,
052124,秋田県,大仙市,2008(平成20）,後期高齢者医療,767431,764556,
052124,秋田県,大仙市,2008(平成20）,土地取得,17152,17152,
052124,秋田県,大仙市,2008(平成20）,土地区画整理事業,2562185,2552682,
052124,秋田県,大仙市,2008(平成20）,学校給食事業,951380,951092,
052124,秋田県,大仙市,2008(平成20）,奨学資金,53244,53244,
052124,秋田県,大仙市,2008(平成20）,宅地造成事業,67371,67371,
052124,秋田県,大仙市,2008(平成20）,企業団地整備事業,0,0,
052124,秋田県,大仙市,2008(平成20）,簡易水道事業,2370304,2370070,
052124,秋田県,大仙市,2008(平成20）,公共下水道事業,1826973,1826715,
052124,秋田県,大仙市,2008(平成20）,特定環境保全公共下水道事業,969113,966879,
052124,秋田県,大仙市,2008(平成20）,特定地域生活排水処理事業,36158,36147,
052124,秋田県,大仙市,2008(平成20）,農業集落排水事業,1926299,1925936,
052124,秋田県,大仙市,2008(平成20）,介護老人福祉施設介護サービス事業,870119,870119,
052124,秋田県,大仙市,2008(平成20）,介護老人保健施設介護サービス事業,831422,831422,
052124,秋田県,大仙市,2008(平成20）,老人デイサービス事業,172431,172431,
052124,秋田県,大仙市,2008(平成20）,スキー場事業,54276,54213,
052124,秋田県,大仙市,2008(平成20）,太陽光発電事業,-,-,
052124,秋田県,大仙市,2008(平成20）,小水力発電事業,0,0,
052124,秋田県,大仙市,2008(平成20）,内小友財産区,657,406,
052124,秋田県,大仙市,2008(平成20）,大川西根財産区,8760,7860,
052124,秋田県,大仙市,2008(平成20）,大沢郷財産区,-,-,
052124,秋田県,大仙市,2008(平成20）,荒川財産区,1953,1362,
052124,秋田県,大仙市,2008(平成20）,峰吉川財産区,9360,8568,
052124,秋田県,大仙市,2008(平成20）,船岡財産区,1819,1536,
052124,秋田県,大仙市,2008(平成20）,淀川財産区,2310,1699,
052124,秋田県,大仙市,2009(平成21）,国民健康保険事業（事業勘定）,10602277,10349663,
052124,秋田県,大仙市,2009(平成21）,国民健康保険事業（診療所勘定）,209375,209201,
052124,秋田県,大仙市,2009(平成21）,国民健康保険事業（歯科診療所勘定）,54929,54913,
052124,秋田県,大仙市,2009(平成21）,老人保健,28748,28182,
052124,秋田県,大仙市,2009(平成21）,後期高齢者医療,798228,796318,
052124,秋田県,大仙市,2009(平成21）,土地取得,16787,16787,
052124,秋田県,大仙市,2009(平成21）,土地区画整理事業,1720754,1709514,
052124,秋田県,大仙市,2009(平成21）,学校給食事業,920854,920661,
052124,秋田県,大仙市,2009(平成21）,奨学資金,38587,38587,
052124,秋田県,大仙市,2009(平成21）,宅地造成事業,43647,43647,
052124,秋田県,大仙市,2009(平成21）,企業団地整備事業,0,0,
052124,秋田県,大仙市,2009(平成21）,簡易水道事業,1535526,1535368,
052124,秋田県,大仙市,2009(平成21）,公共下水道事業,1777189,1777105,
052124,秋田県,大仙市,2009(平成21）,特定環境保全公共下水道事業,903935,903823,
052124,秋田県,大仙市,2009(平成21）,特定地域生活排水処理事業,35588,35583,
052124,秋田県,大仙市,2009(平成21）,農業集落排水事業,1899204,1899094,
052124,秋田県,大仙市,2009(平成21）,介護老人福祉施設介護サービス事業,630776,630776,
052124,秋田県,大仙市,2009(平成21）,介護老人保健施設介護サービス事業,816822,816822,
052124,秋田県,大仙市,2009(平成21）,老人デイサービス事業,158155,158155,
052124,秋田県,大仙市,2009(平成21）,スキー場事業,255330,255330,
052124,秋田県,大仙市,2009(平成21）,太陽光発電事業,-,-,
052124,秋田県,大仙市,2009(平成21）,小水力発電事業,0,0,
052124,秋田県,大仙市,2009(平成21）,内小友財産区,426,418,
052124,秋田県,大仙市,2009(平成21）,大川西根財産区,1119,393,
052124,秋田県,大仙市,2009(平成21）,大沢郷財産区,-,-,
052124,秋田県,大仙市,2009(平成21）,荒川財産区,1660,892,
052124,秋田県,大仙市,2009(平成21）,峰吉川財産区,3473,2027,
052124,秋田県,大仙市,2009(平成21）,船岡財産区,2511,1227,
052124,秋田県,大仙市,2009(平成21）,淀川財産区,5648,5062,
052124,秋田県,大仙市,2010(平成22）,国民健康保険事業（事業勘定）,10354957,9938417,
052124,秋田県,大仙市,2010(平成22）,国民健康保険事業（診療所勘定）,171268,171268,
052124,秋田県,大仙市,2010(平成22）,国民健康保険事業（歯科診療所勘定）,34092,34092,
052124,秋田県,大仙市,2010(平成22）,老人保健,1453,1453,
052124,秋田県,大仙市,2010(平成22）,後期高齢者医療,819050,817609,
052124,秋田県,大仙市,2010(平成22）,土地取得,9318,9318,
052124,秋田県,大仙市,2010(平成22）,土地区画整理事業,1808453,1801810,
052124,秋田県,大仙市,2010(平成22）,学校給食事業,939544,939410,
052124,秋田県,大仙市,2010(平成22）,奨学資金,34646,34646,
052124,秋田県,大仙市,2010(平成22）,宅地造成事業,40669,40669,
052124,秋田県,大仙市,2010(平成22）,企業団地整備事業,0,0,
052124,秋田県,大仙市,2010(平成22）,簡易水道事業,1629848,1629425,
052124,秋田県,大仙市,2010(平成22）,公共下水道事業,1720773,1720614,
052124,秋田県,大仙市,2010(平成22）,特定環境保全公共下水道事業,839469,838405,
052124,秋田県,大仙市,2010(平成22）,特定地域生活排水処理事業,27912,27903,
052124,秋田県,大仙市,2010(平成22）,農業集落排水事業,1763075,1762992,
052124,秋田県,大仙市,2010(平成22）,介護老人福祉施設介護サービス事業,303191,303191,
052124,秋田県,大仙市,2010(平成22）,介護老人保健施設介護サービス事業,895247,895247,
052124,秋田県,大仙市,2010(平成22）,老人デイサービス事業,144500,144500,
052124,秋田県,大仙市,2010(平成22）,スキー場事業,61840,61840,
052124,秋田県,大仙市,2010(平成22）,太陽光発電事業,-,-,
052124,秋田県,大仙市,2010(平成22）,小水力発電事業,0,-,
052124,秋田県,大仙市,2010(平成22）,内小友財産区,584,505,
052124,秋田県,大仙市,2010(平成22）,大川西根財産区,916,367,
052124,秋田県,大仙市,2010(平成22）,大沢郷財産区,-,-,
052124,秋田県,大仙市,2010(平成22）,荒川財産区,1219,927,
052124,秋田県,大仙市,2010(平成22）,峰吉川財産区,1617,803,
052124,秋田県,大仙市,2010(平成22）,船岡財産区,1344,966,
052124,秋田県,大仙市,2010(平成22）,淀川財産区,1803,1533,
052124,秋田県,大仙市,2011(平成23）,国民健康保険事業（事業勘定）,10296998,10028836,
052124,秋田県,大仙市,2011(平成23）,国民健康保険事業（診療所勘定）,180483,180483,
052124,秋田県,大仙市,2011(平成23）,国民健康保険事業（歯科診療所勘定）,34779,34779,
052124,秋田県,大仙市,2011(平成23）,老人保健,-,-,
052124,秋田県,大仙市,2011(平成23）,後期高齢者医療,801488,799327,
052124,秋田県,大仙市,2011(平成23）,土地取得,-,-,
052124,秋田県,大仙市,2011(平成23）,土地区画整理事業,1908938,1902461,
052124,秋田県,大仙市,2011(平成23）,学校給食事業,1230330,1226326,
052124,秋田県,大仙市,2011(平成23）,奨学資金,36510,36510,
052124,秋田県,大仙市,2011(平成23）,宅地造成事業,39229,39229,
052124,秋田県,大仙市,2011(平成23）,企業団地整備事業,0,0,
052124,秋田県,大仙市,2011(平成23）,簡易水道事業,1418729,1418662,
052124,秋田県,大仙市,2011(平成23）,公共下水道事業,1726238,1725185,
052124,秋田県,大仙市,2011(平成23）,特定環境保全公共下水道事業,792099,791982,
052124,秋田県,大仙市,2011(平成23）,特定地域生活排水処理事業,24208,24208,
052124,秋田県,大仙市,2011(平成23）,農業集落排水事業,1490274,1486299,
052124,秋田県,大仙市,2011(平成23）,介護老人福祉施設介護サービス事業,-,-,
052124,秋田県,大仙市,2011(平成23）,介護老人保健施設介護サービス事業,838008,838008,
052124,秋田県,大仙市,2011(平成23）,老人デイサービス事業,65198,65198,
052124,秋田県,大仙市,2011(平成23）,スキー場事業,55431,55431,
052124,秋田県,大仙市,2011(平成23）,太陽光発電事業,-,-,
052124,秋田県,大仙市,2011(平成23）,小水力発電事業,-,-,
052124,秋田県,大仙市,2011(平成23）,内小友財産区,462,370,
052124,秋田県,大仙市,2011(平成23）,大川西根財産区,734,360,
052124,秋田県,大仙市,2011(平成23）,大沢郷財産区,-,-,
052124,秋田県,大仙市,2011(平成23）,荒川財産区,2139,1337,
052124,秋田県,大仙市,2011(平成23）,峰吉川財産区,1798,1192,
052124,秋田県,大仙市,2011(平成23）,船岡財産区,1598,1426,
052124,秋田県,大仙市,2011(平成23）,淀川財産区,2691,2346,
052124,秋田県,大仙市,2012(平成24）,国民健康保険事業（事業勘定）,10358477,10049147,
052124,秋田県,大仙市,2012(平成24）,国民健康保険事業（診療所勘定）,-,-,
052124,秋田県,大仙市,2012(平成24）,国民健康保険事業（歯科診療所勘定）,-,-,
052124,秋田県,大仙市,2012(平成24）,老人保健,-,-,
052124,秋田県,大仙市,2012(平成24）,後期高齢者医療,852740,849914,
052124,秋田県,大仙市,2012(平成24）,土地取得,-,-,
052124,秋田県,大仙市,2012(平成24）,土地区画整理事業,1671766,1667170,
052124,秋田県,大仙市,2012(平成24）,学校給食事業,924176,923944,
052124,秋田県,大仙市,2012(平成24）,奨学資金,32754,32754,
052124,秋田県,大仙市,2012(平成24）,宅地造成事業,-,-,
052124,秋田県,大仙市,2012(平成24）,企業団地整備事業,-,-,
052124,秋田県,大仙市,2012(平成24）,簡易水道事業,1109741,1109633,
052124,秋田県,大仙市,2012(平成24）,公共下水道事業,1741817,1738138,
052124,秋田県,大仙市,2012(平成24）,特定環境保全公共下水道事業,745899,745779,
052124,秋田県,大仙市,2012(平成24）,特定地域生活排水処理事業,25310,25310,
052124,秋田県,大仙市,2012(平成24）,農業集落排水事業,1278491,1278490,
052124,秋田県,大仙市,2012(平成24）,介護老人福祉施設介護サービス事業,-,-,
052124,秋田県,大仙市,2012(平成24）,介護老人保健施設介護サービス事業,-,-,
052124,秋田県,大仙市,2012(平成24）,老人デイサービス事業,48428,48428,
052124,秋田県,大仙市,2012(平成24）,スキー場事業,54811,54811,
052124,秋田県,大仙市,2012(平成24）,太陽光発電事業,-,-,
052124,秋田県,大仙市,2012(平成24）,小水力発電事業,-,-,
052124,秋田県,大仙市,2012(平成24）,内小友財産区,966,844,
052124,秋田県,大仙市,2012(平成24）,大川西根財産区,936,849,
052124,秋田県,大仙市,2012(平成24）,大沢郷財産区,-,-,
052124,秋田県,大仙市,2012(平成24）,荒川財産区,1623,987,
052124,秋田県,大仙市,2012(平成24）,峰吉川財産区,3561,824,
052124,秋田県,大仙市,2012(平成24）,船岡財産区,1431,1075,
052124,秋田県,大仙市,2012(平成24）,淀川財産区,1828,1100,
052124,秋田県,大仙市,2013(平成25）,国民健康保険事業（事業勘定）,10363372,10172715,
052124,秋田県,大仙市,2013(平成25）,国民健康保険事業（診療所勘定）,-,-,
052124,秋田県,大仙市,2013(平成25）,国民健康保険事業（歯科診療所勘定）,-,-,
052124,秋田県,大仙市,2013(平成25）,老人保健,-,-,
052124,秋田県,大仙市,2013(平成25）,後期高齢者医療,861043,858634,
052124,秋田県,大仙市,2013(平成25）,土地取得,-,-,
052124,秋田県,大仙市,2013(平成25）,土地区画整理事業,2261591,2251989,
052124,秋田県,大仙市,2013(平成25）,学校給食事業,1001556,1001353,
052124,秋田県,大仙市,2013(平成25）,奨学資金,31726,30908,
052124,秋田県,大仙市,2013(平成25）,宅地造成事業,-,-,
052124,秋田県,大仙市,2013(平成25）,企業団地整備事業,-,-,
052124,秋田県,大仙市,2013(平成25）,簡易水道事業,1087278,1087043,
052124,秋田県,大仙市,2013(平成25）,公共下水道事業,1687280,1684588,
052124,秋田県,大仙市,2013(平成25）,特定環境保全公共下水道事業,736930,736882,
052124,秋田県,大仙市,2013(平成25）,特定地域生活排水処理事業,24937,24905,
052124,秋田県,大仙市,2013(平成25）,農業集落排水事業,1229686,1229668,
052124,秋田県,大仙市,2013(平成25）,介護老人福祉施設介護サービス事業,-,-,
052124,秋田県,大仙市,2013(平成25）,介護老人保健施設介護サービス事業,-,-,
052124,秋田県,大仙市,2013(平成25）,老人デイサービス事業,49519,49519,
052124,秋田県,大仙市,2013(平成25）,スキー場事業,79678,73747,
052124,秋田県,大仙市,2013(平成25）,太陽光発電事業,-,-,
052124,秋田県,大仙市,2013(平成25）,小水力発電事業,-,-,
052124,秋田県,大仙市,2013(平成25）,内小友財産区,446,345,
052124,秋田県,大仙市,2013(平成25）,大川西根財産区,8775,7877,
052124,秋田県,大仙市,2013(平成25）,大沢郷財産区,-,-,
052124,秋田県,大仙市,2013(平成25）,荒川財産区,1740,1221,
052124,秋田県,大仙市,2013(平成25）,峰吉川財産区,5284,2297,
052124,秋田県,大仙市,2013(平成25）,船岡財産区,1382,1020,
052124,秋田県,大仙市,2013(平成25）,淀川財産区,3043,2479,
052124,秋田県,大仙市,2014(平成26）,国民健康保険事業（事業勘定）,9934795,9895931,
052124,秋田県,大仙市,2014(平成26）,国民健康保険事業（診療所勘定）,-,-,
052124,秋田県,大仙市,2014(平成26）,国民健康保険事業（歯科診療所勘定）,-,-,
052124,秋田県,大仙市,2014(平成26）,老人保健,-,-,
052124,秋田県,大仙市,2014(平成26）,後期高齢者医療,861222,858589,
052124,秋田県,大仙市,2014(平成26）,土地取得,-,-,
052124,秋田県,大仙市,2014(平成26）,土地区画整理事業,1638182,1632875,
052124,秋田県,大仙市,2014(平成26）,学校給食事業,2025937,2025718,
052124,秋田県,大仙市,2014(平成26）,奨学資金,32358,28417,
052124,秋田県,大仙市,2014(平成26）,宅地造成事業,-,-,
052124,秋田県,大仙市,2014(平成26）,企業団地整備事業,-,-,
052124,秋田県,大仙市,2014(平成26）,簡易水道事業,1250124,1249980,
052124,秋田県,大仙市,2014(平成26）,公共下水道事業,1660617,1660318,
052124,秋田県,大仙市,2014(平成26）,特定環境保全公共下水道事業,724699,724658,
052124,秋田県,大仙市,2014(平成26）,特定地域生活排水処理事業,23796,23791,
052124,秋田県,大仙市,2014(平成26）,農業集落排水事業,1271314,1271284,
052124,秋田県,大仙市,2014(平成26）,介護老人福祉施設介護サービス事業,-,-,
052124,秋田県,大仙市,2014(平成26）,介護老人保健施設介護サービス事業,-,-,
052124,秋田県,大仙市,2014(平成26）,老人デイサービス事業,48586,48586,
052124,秋田県,大仙市,2014(平成26）,スキー場事業,92040,91269,
052124,秋田県,大仙市,2014(平成26）,太陽光発電事業,-,-,
052124,秋田県,大仙市,2014(平成26）,小水力発電事業,-,-,
052124,秋田県,大仙市,2014(平成26）,内小友財産区,445,345,
052124,秋田県,大仙市,2014(平成26）,大川西根財産区,1081,379,
052124,秋田県,大仙市,2014(平成26）,大沢郷財産区,-,-,
052124,秋田県,大仙市,2014(平成26）,荒川財産区,2067,1535,
052124,秋田県,大仙市,2014(平成26）,峰吉川財産区,6502,4653,
052124,秋田県,大仙市,2014(平成26）,船岡財産区,1708,1452,
052124,秋田県,大仙市,2014(平成26）,淀川財産区,2503,2009,
052124,秋田県,大仙市,2015(平成27）,国民健康保険事業（事業勘定）,11047950,10831360,
052124,秋田県,大仙市,2015(平成27）,国民健康保険事業（診療所勘定）,-,-,
052124,秋田県,大仙市,2015(平成27）,国民健康保険事業（歯科診療所勘定）,-,-,
052124,秋田県,大仙市,2015(平成27）,老人保健,-,-,
052124,秋田県,大仙市,2015(平成27）,後期高齢者医療,836140,834038,
052124,秋田県,大仙市,2015(平成27）,土地取得,-,-,
052124,秋田県,大仙市,2015(平成27）,土地区画整理事業,1197887,1197773,
052124,秋田県,大仙市,2015(平成27）,学校給食事業,1001072,1000967,
052124,秋田県,大仙市,2015(平成27）,奨学資金,36701,29906,
052124,秋田県,大仙市,2015(平成27）,宅地造成事業,-,-,
052124,秋田県,大仙市,2015(平成27）,企業団地整備事業,-,-,
052124,秋田県,大仙市,2015(平成27）,簡易水道事業,1774701,1774112,
052124,秋田県,大仙市,2015(平成27）,公共下水道事業,1685181,1676198,
052124,秋田県,大仙市,2015(平成27）,特定環境保全公共下水道事業,735204,735106,
052124,秋田県,大仙市,2015(平成27）,特定地域生活排水処理事業,23398,23390,
052124,秋田県,大仙市,2015(平成27）,農業集落排水事業,1292132,1291923,
052124,秋田県,大仙市,2015(平成27）,介護老人福祉施設介護サービス事業,-,-,
052124,秋田県,大仙市,2015(平成27）,介護老人保健施設介護サービス事業,-,-,
052124,秋田県,大仙市,2015(平成27）,老人デイサービス事業,-,-,
052124,秋田県,大仙市,2015(平成27）,スキー場事業,81112,81112,
052124,秋田県,大仙市,2015(平成27）,太陽光発電事業,26960,26960,
052124,秋田県,大仙市,2015(平成27）,小水力発電事業,-,-,
052124,秋田県,大仙市,2015(平成27）,内小友財産区,9476,8869,
052124,秋田県,大仙市,2015(平成27）,大川西根財産区,7930,7882,
052124,秋田県,大仙市,2015(平成27）,大沢郷財産区,-,-,
052124,秋田県,大仙市,2015(平成27）,荒川財産区,6752,5585,
052124,秋田県,大仙市,2015(平成27）,峰吉川財産区,2161,1951,
052124,秋田県,大仙市,2015(平成27）,船岡財産区,7987,6834,
052124,秋田県,大仙市,2015(平成27）,淀川財産区,1805,1256,
052124,秋田県,大仙市,2016(平成28）,国民健康保険事業（事業勘定）,10647534,10523471,
052124,秋田県,大仙市,2016(平成28）,国民健康保険事業（診療所勘定）,-,-,
052124,秋田県,大仙市,2016(平成28）,国民健康保険事業（歯科診療所勘定）,-,-,
052124,秋田県,大仙市,2016(平成28）,老人保健,-,-,
052124,秋田県,大仙市,2016(平成28）,後期高齢者医療,843974,842555,
052124,秋田県,大仙市,2016(平成28）,土地取得,-,-,
052124,秋田県,大仙市,2016(平成28）,土地区画整理事業,729805,728835,
052124,秋田県,大仙市,2016(平成28）,学校給食事業,995909,995615,
052124,秋田県,大仙市,2016(平成28）,奨学資金,37369,28134,
052124,秋田県,大仙市,2016(平成28）,宅地造成事業,-,-,
052124,秋田県,大仙市,2016(平成28）,企業団地整備事業,-,-,
052124,秋田県,大仙市,2016(平成28）,簡易水道事業,2506093,2469787,
052124,秋田県,大仙市,2016(平成28）,公共下水道事業,1951962,1951303,
052124,秋田県,大仙市,2016(平成28）,特定環境保全公共下水道事業,792830,792661,
052124,秋田県,大仙市,2016(平成28）,特定地域生活排水処理事業,22645,22636,
052124,秋田県,大仙市,2016(平成28）,農業集落排水事業,1287776,1287719,
052124,秋田県,大仙市,2016(平成28）,介護老人福祉施設介護サービス事業,-,-,
052124,秋田県,大仙市,2016(平成28）,介護老人保健施設介護サービス事業,-,-,
052124,秋田県,大仙市,2016(平成28）,老人デイサービス事業,-,-,
052124,秋田県,大仙市,2016(平成28）,スキー場事業,90689,90689,
052124,秋田県,大仙市,2016(平成28）,太陽光発電事業,133464,119361,
052124,秋田県,大仙市,2016(平成28）,小水力発電事業,-,-,
052124,秋田県,大仙市,2016(平成28）,内小友財産区,653,515,
052124,秋田県,大仙市,2016(平成28）,大川西根財産区,643,531,
052124,秋田県,大仙市,2016(平成28）,大沢郷財産区,-,-,
052124,秋田県,大仙市,2016(平成28）,荒川財産区,2213,1349,
052124,秋田県,大仙市,2016(平成28）,峰吉川財産区,1530,933,
052124,秋田県,大仙市,2016(平成28）,船岡財産区,1878,1191,
052124,秋田県,大仙市,2016(平成28）,淀川財産区,2009,1488,
052124,秋田県,大仙市,2017(平成29）,国民健康保険事業（事業勘定）,10181995,9887494,
052124,秋田県,大仙市,2017(平成29）,国民健康保険事業（診療所勘定）,-,-,
052124,秋田県,大仙市,2017(平成29）,国民健康保険事業（歯科診療所勘定）,-,-,
052124,秋田県,大仙市,2017(平成29）,老人保健,-,-,
052124,秋田県,大仙市,2017(平成29）,後期高齢者医療,874399,872842,
052124,秋田県,大仙市,2017(平成29）,土地取得,-,-,
052124,秋田県,大仙市,2017(平成29）,土地区画整理事業,704590,704590,
052124,秋田県,大仙市,2017(平成29）,学校給食事業,992321,991983,
052124,秋田県,大仙市,2017(平成29）,奨学資金,40486,34609,
052124,秋田県,大仙市,2017(平成29）,宅地造成事業,-,-,
052124,秋田県,大仙市,2017(平成29）,企業団地整備事業,-,-,
052124,秋田県,大仙市,2017(平成29）,簡易水道事業,-,-,
052124,秋田県,大仙市,2017(平成29）,公共下水道事業,1822938,1699516,
052124,秋田県,大仙市,2017(平成29）,特定環境保全公共下水道事業,786805,689639,
052124,秋田県,大仙市,2017(平成29）,特定地域生活排水処理事業,24844,21658,
052124,秋田県,大仙市,2017(平成29）,農業集落排水事業,1378076,1328696,
052124,秋田県,大仙市,2017(平成29）,介護老人福祉施設介護サービス事業,-,-,
052124,秋田県,大仙市,2017(平成29）,介護老人保健施設介護サービス事業,-,-,
052124,秋田県,大仙市,2017(平成29）,老人デイサービス事業,-,-,
052124,秋田県,大仙市,2017(平成29）,スキー場事業,98072,98072,
052124,秋田県,大仙市,2017(平成29）,太陽光発電事業,127888,122403,
052124,秋田県,大仙市,2017(平成29）,小水力発電事業,-,-,
052124,秋田県,大仙市,2017(平成29）,内小友財産区,5854,4476,
052124,秋田県,大仙市,2017(平成29）,大川西根財産区,427,248,
052124,秋田県,大仙市,2017(平成29）,大沢郷財産区,-,-,
052124,秋田県,大仙市,2017(平成29）,荒川財産区,1862,998,
052124,秋田県,大仙市,2017(平成29）,峰吉川財産区,1381,634,
052124,秋田県,大仙市,2017(平成29）,船岡財産区,1708,1100,
052124,秋田県,大仙市,2017(平成29）,淀川財産区,2884,2196,
052124,秋田県,大仙市,2018(平成30）,国民健康保険事業（事業勘定）,8603752,8109431,
052124,秋田県,大仙市,2018(平成30）,国民健康保険事業（診療所勘定）,-,-,
052124,秋田県,大仙市,2018(平成30）,国民健康保険事業（歯科診療所勘定）,-,-,
052124,秋田県,大仙市,2018(平成30）,老人保健,-,-,
052124,秋田県,大仙市,2018(平成30）,後期高齢者医療,906190,904795,
052124,秋田県,大仙市,2018(平成30）,土地取得,-,-,
052124,秋田県,大仙市,2018(平成30）,土地区画整理事業,-,-,
052124,秋田県,大仙市,2018(平成30）,学校給食事業,1015688,1015451,
052124,秋田県,大仙市,2018(平成30）,奨学資金,35816,25899,
052124,秋田県,大仙市,2018(平成30）,宅地造成事業,-,-,
052124,秋田県,大仙市,2018(平成30）,企業団地整備事業,-,-,
052124,秋田県,大仙市,2018(平成30）,簡易水道事業,-,-,
052124,秋田県,大仙市,2018(平成30）,公共下水道事業,-,-,
052124,秋田県,大仙市,2018(平成30）,特定環境保全公共下水道事業,-,-,
052124,秋田県,大仙市,2018(平成30）,特定地域生活排水処理事業,-,-,
052124,秋田県,大仙市,2018(平成30）,農業集落排水事業,-,-,
052124,秋田県,大仙市,2018(平成30）,介護老人福祉施設介護サービス事業,-,-,
052124,秋田県,大仙市,2018(平成30）,介護老人保健施設介護サービス事業,-,-,
052124,秋田県,大仙市,2018(平成30）,老人デイサービス事業,-,-,
052124,秋田県,大仙市,2018(平成30）,スキー場事業,99472,99472,
052124,秋田県,大仙市,2018(平成30）,太陽光発電事業,135431,117617,
052124,秋田県,大仙市,2018(平成30）,小水力発電事業,-,-,
052124,秋田県,大仙市,2018(平成30）,内小友財産区,1421,366,
052124,秋田県,大仙市,2018(平成30）,大川西根財産区,603,352,
052124,秋田県,大仙市,2018(平成30）,大沢郷財産区,-,-,
052124,秋田県,大仙市,2018(平成30）,荒川財産区,2256,1507,
052124,秋田県,大仙市,2018(平成30）,峰吉川財産区,3092,2218,
052124,秋田県,大仙市,2018(平成30）,船岡財産区,2229,1608,
052124,秋田県,大仙市,2018(平成30）,淀川財産区,10274,9669,
052124,秋田県,大仙市,2019(令和1）,国民健康保険事業（事業勘定）,8736153,8185055,
052124,秋田県,大仙市,2019(令和1）,国民健康保険事業（診療所勘定）,-,-,
052124,秋田県,大仙市,2019(令和1）,国民健康保険事業（歯科診療所勘定）,-,-,
052124,秋田県,大仙市,2019(令和1）,老人保健,-,-,
052124,秋田県,大仙市,2019(令和1）,後期高齢者医療,901773,899934,
052124,秋田県,大仙市,2019(令和1）,土地取得,-,-,
052124,秋田県,大仙市,2019(令和1）,土地区画整理事業,-,-,
052124,秋田県,大仙市,2019(令和1）,学校給食事業,995221,994564,
052124,秋田県,大仙市,2019(令和1）,奨学資金,41851,29966,
052124,秋田県,大仙市,2019(令和1）,宅地造成事業,-,-,
052124,秋田県,大仙市,2019(令和1）,企業団地整備事業,6105,0,
052124,秋田県,大仙市,2019(令和1）,簡易水道事業,-,-,
052124,秋田県,大仙市,2019(令和1）,公共下水道事業,-,-,
052124,秋田県,大仙市,2019(令和1）,特定環境保全公共下水道事業,-,-,
052124,秋田県,大仙市,2019(令和1）,特定地域生活排水処理事業,-,-,
052124,秋田県,大仙市,2019(令和1）,農業集落排水事業,-,-,
052124,秋田県,大仙市,2019(令和1）,介護老人福祉施設介護サービス事業,-,-,
052124,秋田県,大仙市,2019(令和1）,介護老人保健施設介護サービス事業,-,-,
052124,秋田県,大仙市,2019(令和1）,老人デイサービス事業,-,-,
052124,秋田県,大仙市,2019(令和1）,スキー場事業,98098,98098,
052124,秋田県,大仙市,2019(令和1）,太陽光発電事業,159400,127647,
052124,秋田県,大仙市,2019(令和1）,小水力発電事業,937,937,
052124,秋田県,大仙市,2019(令和1）,内小友財産区,1099,784,
052124,秋田県,大仙市,2019(令和1）,大川西根財産区,471,166,
052124,秋田県,大仙市,2019(令和1）,大沢郷財産区,-,-,
052124,秋田県,大仙市,2019(令和1）,荒川財産区,1387,735,
052124,秋田県,大仙市,2019(令和1）,峰吉川財産区,1119,418,
052124,秋田県,大仙市,2019(令和1）,船岡財産区,1572,1099,
052124,秋田県,大仙市,2019(令和1）,淀川財産区,10304,9817,
052124,秋田県,大仙市,2020(令和2）,国民健康保険事業（事業勘定）,8653769,8226280,
052124,秋田県,大仙市,2020(令和2）,国民健康保険事業（診療所勘定）,-,-,
052124,秋田県,大仙市,2020(令和2）,国民健康保険事業（歯科診療所勘定）,-,-,
052124,秋田県,大仙市,2020(令和2）,老人保健,-,-,
052124,秋田県,大仙市,2020(令和2）,後期高齢者医療,989612,988805,
052124,秋田県,大仙市,2020(令和2）,土地取得,-,-,
052124,秋田県,大仙市,2020(令和2）,土地区画整理事業,-,-,
052124,秋田県,大仙市,2020(令和2）,学校給食事業,1011719,1011691,
052124,秋田県,大仙市,2020(令和2）,奨学資金,42994,34108,
052124,秋田県,大仙市,2020(令和2）,宅地造成事業,-,-,
052124,秋田県,大仙市,2020(令和2）,企業団地整備事業,221276,220891,
052124,秋田県,大仙市,2020(令和2）,簡易水道事業,-,-,
052124,秋田県,大仙市,2020(令和2）,公共下水道事業,-,-,
052124,秋田県,大仙市,2020(令和2）,特定環境保全公共下水道事業,-,-,
052124,秋田県,大仙市,2020(令和2）,特定地域生活排水処理事業,-,-,
052124,秋田県,大仙市,2020(令和2）,農業集落排水事業,-,-,
052124,秋田県,大仙市,2020(令和2）,介護老人福祉施設介護サービス事業,-,-,
052124,秋田県,大仙市,2020(令和2）,介護老人保健施設介護サービス事業,-,-,
052124,秋田県,大仙市,2020(令和2）,老人デイサービス事業,-,-,
052124,秋田県,大仙市,2020(令和2）,スキー場事業,49995,49995,
052124,秋田県,大仙市,2020(令和2）,太陽光発電事業,164602,145029,
052124,秋田県,大仙市,2020(令和2）,小水力発電事業,1348,1348,
052124,秋田県,大仙市,2020(令和2）,内小友財産区,362,113,
052124,秋田県,大仙市,2020(令和2）,大川西根財産区,432,103,
052124,秋田県,大仙市,2020(令和2）,大沢郷財産区,-,-,
052124,秋田県,大仙市,2020(令和2）,荒川財産区,6113,5296,
052124,秋田県,大仙市,2020(令和2）,峰吉川財産区,3684,2743,
052124,秋田県,大仙市,2020(令和2）,船岡財産区,1809,1146,
052124,秋田県,大仙市,2020(令和2）,淀川財産区,3365,3038,
052124,秋田県,大仙市,2021(令和3）,国民健康保険事業（事業勘定）,8657693,8223749,
052124,秋田県,大仙市,2021(令和3）,国民健康保険事業（診療所勘定）,-,-,
052124,秋田県,大仙市,2021(令和3）,国民健康保険事業（歯科診療所勘定）,-,-,
052124,秋田県,大仙市,2021(令和3）,老人保健,-,-,
052124,秋田県,大仙市,2021(令和3）,後期高齢者医療,985830,983600,
052124,秋田県,大仙市,2021(令和3）,土地取得,-,-,
052124,秋田県,大仙市,2021(令和3）,土地区画整理事業,-,-,
052124,秋田県,大仙市,2021(令和3）,学校給食事業,1038211,1038138,
052124,秋田県,大仙市,2021(令和3）,奨学資金,37321,27920,
052124,秋田県,大仙市,2021(令和3）,宅地造成事業,-,-,
052124,秋田県,大仙市,2021(令和3）,企業団地整備事業,318682,318682,
052124,秋田県,大仙市,2021(令和3）,簡易水道事業,-,-,
052124,秋田県,大仙市,2021(令和3）,公共下水道事業,-,-,
052124,秋田県,大仙市,2021(令和3）,特定環境保全公共下水道事業,-,-,
052124,秋田県,大仙市,2021(令和3）,特定地域生活排水処理事業,-,-,
052124,秋田県,大仙市,2021(令和3）,農業集落排水事業,-,-,
052124,秋田県,大仙市,2021(令和3）,介護老人福祉施設介護サービス事業,-,-,
052124,秋田県,大仙市,2021(令和3）,介護老人保健施設介護サービス事業,-,-,
052124,秋田県,大仙市,2021(令和3）,老人デイサービス事業,-,-,
052124,秋田県,大仙市,2021(令和3）,スキー場事業,40295,40295,
052124,秋田県,大仙市,2021(令和3）,太陽光発電事業,144459,131628,
052124,秋田県,大仙市,2021(令和3）,小水力発電事業,1215,1215,
052124,秋田県,大仙市,2021(令和3）,内小友財産区,15425,10213,
052124,秋田県,大仙市,2021(令和3）,大川西根財産区,453,93,
052124,秋田県,大仙市,2021(令和3）,大沢郷財産区,-,-,
052124,秋田県,大仙市,2021(令和3）,荒川財産区,1472,654,
052124,秋田県,大仙市,2021(令和3）,峰吉川財産区,1167,332,
052124,秋田県,大仙市,2021(令和3）,船岡財産区,1592,980,
052124,秋田県,大仙市,2021(令和3）,淀川財産区,4176,3393,
